A1,A2,A3,A4,A5,A6,A7,A8,A9,A10,A11,A12,A13,A14,A15,A16,A17,A18,A19,A20,B1,B2,B3,B4,B5,B6,B7,B8,B9,B10,B11,B12,B13,B14,B15,B16,B17,B18,B19,B20,C1,C2,C3,C4,C5,C6,C7,C8,C9,C10,C11,C12,C13,C14,C15,C16,C17,C18,C19,C20,D1,D2,D3,D4,D5,D6,D7,D8,D9,D10,D11,D12,D13,D14,D15,D16,D17,D18,D19,D20,E1,E2,E3,E4,E5,E6,E7,E8,E9,E10,E11,E12,E13,E14,E15,E16,E17,E18,E19,E20,F1,F2,F3,F4,F5,F6,F7,F8,F9,F10,F11,F12,F13,F14,F15,F16,F17,F18,F19,F20,G1,G2,G3,G4,G5,G6,G7,G8,G9,G10,G11,G12,G13,G14,G15,G16,G17,G18,G19,G20,H1,H2,H3,H4,H5,H6,H7,H8,H9,H10,H11,H12,H13,H14,H15,H16,H17,H18,H19,H20,I1,I2,I3,I4,I5,I6,I7,I8,I9,I10,I11,I12,I13,I14,I15,I16,I17,I18,I19,I20,J1,J2,J3,J4,J5,J6,J7,J8,J9,J10,J11,J12,J13,J14,J15,J16,J17,J18,J19,J20
0,53,39,59,43,70,87,66,33,5,34,78,40,78,42,82,27,18,20,55,10,24,87,5,45,84,57,22,91,8,49,94,56,5,79,14,67,66,61,20,92,41,2,48,88,61,23,2,96,9,83,38,57,23,58,62,65,89,100,1,55,62,16,2,49,71,21,70,93,25,11,69,12,3,98,35,64,48,89,39,21,68,70,58,24,18,84,55,82,38,47,59,84,28,44,100,90,76,87,77,44,7,92,73,58,58,30,31,60,41,33,56,96,12,81,78,88,59,33,72,45,23,44,83,79,32,2,30,95,8,8,94,79,51,29,13,28,44,14,69,81,97,89,14,12,74,89,94,42,36,60,44,37,51,35,24,86,30,99,8,93,51,95,61,60,2,44,58,67,44,8,30,82,41,60,30,37,42,23,40,52,49,88,15,54,23,91,90,88,24,93,40,71,75,99,44,27,48,61,18
90,0,2,41,12,97,38,21,22,90,28,42,22,42,20,42,82,51,86,97,8,18,22,78,66,17,27,11,40,31,86,94,22,28,7,80,15,41,27,44,44,30,46,21,64,64,55,40,7,57,24,95,76,59,23,31,8,96,22,53,38,34,88,41,28,89,63,20,56,88,6,63,27,13,49,9,27,36,63,4,28,50,23,89,85,5,12,54,77,69,65,74,42,20,10,36,49,47,65,30,71,7,34,75,82,94,53,94,16,90,46,96,61,77,85,37,54,25,23,42,4,74,34,37,15,55,42,77,15,16,62,11,38,96,79,32,66,97,22,81,47,20,97,12,69,14,65,54,70,68,50,35,83,24,31,10,46,6,70,25,77,39,91,30,82,76,13,63,33,99,56,36,8,64,34,2,28,18,17,93,46,96,66,88,4,6,82,62,50,19,96,38,52,14,77,61,13,35,31,56
56,92,0,59,27,94,63,15,78,58,7,69,32,6,43,92,59,43,65,87,81,42,46,88,30,56,75,74,45,27,24,76,44,9,20,47,43,58,11,85,73,49,42,1,9,62,11,45,38,31,57,94,72,92,65,28,36,80,2,79,15,35,2,68,76,81,79,30,90,100,11,76,88,4,1,12,29,97,39,82,65,11,85,42,66,85,79,72,76,57,81,16,40,68,69,49,45,34,80,2,96,55,80,41,39,47,84,97,82,4,16,90,55,6,63,36,61,21,67,86,15,62,74,14,30,35,15,24,32,75,84,25,63,71,75,14,14,66,98,68,66,79,6,72,13,22,17,43,70,35,88,50,48,76,77,26,2,56,56,60,69,57,55,30,88,57,53,65,41,6,47,100,88,14,94,71,70,38,32,16,55,39,37,47,30,70,82,99,13,71,84,51,100,25,85,13,21,18,29,77
83,62,49,0,87,39,6,83,3,91,38,79,63,55,37,75,27,48,54,29,15,87,17,86,78,99,15,56,83,62,24,64,30,78,55,17,63,33,25,70,40,88,35,75,29,33,22,77,89,33,15,52,63,60,34,91,89,64,78,65,53,47,66,44,4,61,73,16,49,43,46,32,51,77,47,39,10,94,18,75,52,36,1,36,30,51,86,21,70,29,65,50,25,41,16,18,84,67,96,29,77,47,22,7,38,17,28,50,93,79,49,41,37,8,8,56,87,34,33,90,62,35,76,17,73,54,92,8,10,46,63,29,22,83,83,46,22,42,59,84,59,63,72,10,88,7,79,91,10,94,96,85,4,61,86,92,21,92,61,18,61,72,69,41,51,70,59,38,25,53,11,14,50,78,34,61,75,20,28,2,71,83,21,31,53,35,19,62,89,40,83,77,6,6,30,60,30,68,92,64
25,2,28,35,0,72,75,73,100,57,95,14,59,88,26,74,39,74,58,3,73,100,18,67,38,97,63,74,70,84,29,10,57,100,39,38,81,97,48,25,84,50,61,64,90,75,61,69,72,6,43,71,8,80,67,12,30,60,86,3,23,96,27,99,41,93,48,94,56,45,91,99,68,84,82,20,35,63,69,81,55,25,31,79,56,8,5,85,94,17,66,37,90,97,77,27,78,92,4,55,92,28,67,75,22,49,37,6,77,58,40,38,84,1,64,43,69,59,81,77,30,67,50,6,37,55,78,77,4,36,89,51,42,41,34,81,79,70,98,97,83,55,95,35,33,72,100,74,16,97,20,18,18,62,66,40,55,1,41,46,33,47,59,66,9,88,93,10,8,31,60,50,66,8,30,91,95,39,37,22,20,92,84,18,14,18,70,96,32,7,30,19,35,56,43,66,62,8,25,55
100,9,5,18,7,0,78,92,3,57,88,84,9,5,33,91,70,43,16,30,8,99,72,60,69,17,39,32,77,5,92,72,61,16,23,98,36,93,36,14,19,80,23,77,60,51,83,86,100,92,94,24,99,93,40,52,95,62,82,18,84,32,36,28,63,69,82,13,99,15,96,19,75,19,10,44,58,90,88,52,92,64,69,9,23,2,100,87,64,43,51,97,87,84,17,51,95,58,9,49,84,46,88,30,43,44,24,81,38,87,62,90,63,75,92,39,24,3,90,89,6,69,17,35,91,8,61,34,1,71,29,36,90,26,47,86,100,61,19,45,6,42,30,71,14,34,5,32,42,68,82,55,58,96,6,2,2,71,92,53,68,62,89,81,13,48,64,78,45,89,14,93,52,69,61,42,5,49,62,59,35,64,56,47,27,11,39,7,66,32,97,78,93,59,60,37,15,57,52,77
11,70,78,78,55,80,0,35,30,35,62,6,44,7,72,53,74,70,83,67,72,9,28,10,48,42,95,54,94,85,3,64,31,11,100,13,35,76,10,61,28,92,21,61,5,44,63,47,74,20,79,63,55,61,95,3,56,85,87,81,20,39,82,16,39,46,47,63,41,36,27,82,36,40,56,44,74,100,52,65,57,63,62,92,54,21,92,56,22,38,48,73,54,97,93,14,60,86,60,47,27,16,92,87,37,79,69,35,41,29,58,8,99,59,27,2,59,64,38,51,21,86,63,22,96,89,49,31,88,87,28,78,65,81,1,16,32,43,13,13,5,45,80,31,58,78,26,26,33,39,80,14,100,17,4,85,29,6,80,48,39,19,32,84,39,51,35,73,51,67,22,4,9,54,58,93,30,23,24,75,19,39,59,65,77,76,47,59,27,36,22,22,80,20,79,4,66,63,84,60
23,12,58,80,25,93,66,0,54,73,26,4,82,35,37,19,51,98,56,22,72,39,53,12,60,76,54,90,26,88,58,24,78,72,1,20,6,78,21,20,69,10,62,27,99,84,93,69,80,6,88,13,4,90,20,10,10,99,63,91,70,32,69,52,49,31,68,51,93,78,27,17,81,18,84,65,10,61,62,41,35,50,42,22,41,94,4,8,12,86,52,97,35,76,19,28,67,1,31,98,49,49,66,91,95,99,88,36,84,96,6,97,39,17,66,19,61,74,33,89,60,54,90,18,30,5,77,5,71,81,66,97,80,34,17,24,90,37,45,33,33,99,64,35,47,75,7,93,41,34,28,92,36,29,56,69,100,55,42,69,91,84,31,49,91,37,86,88,59,58,58,51,22,88,39,97,3,27,79,21,84,43,12,26,62,67,71,19,66,20,99,40,53,91,7,5,66,93,71,86
32,36,67,68,68,47,4,24,0,1,62,5,15,15,49,47,12,50,62,93,13,100,81,81,86,29,19,90,29,54,57,39,63,9,95,49,86,42,3,6,54,62,70,28,96,45,10,4,72,27,37,84,4,65,19,99,80,22,89,52,30,22,76,64,49,95,8,83,97,99,29,10,94,30,91,66,34,53,51,85,66,20,7,91,99,74,100,72,56,60,95,81,39,17,56,90,46,25,79,88,66,49,46,71,18,74,50,36,46,13,69,34,17,56,1,21,40,14,6,62,28,93,61,21,60,44,37,88,85,96,31,41,33,73,57,11,51,59,51,49,92,19,97,8,94,65,85,90,2,7,16,6,80,4,18,76,86,49,30,26,100,84,93,3,64,80,56,99,50,75,20,41,63,25,20,99,34,15,76,83,45,40,1,24,76,21,59,22,56,87,51,85,96,94,46,88,23,25,10,44
23,62,31,39,92,3,58,38,45,0,67,11,7,61,48,1,34,59,3,85,15,21,48,6,64,39,62,59,25,100,66,34,16,71,1,68,44,27,40,98,7,35,28,94,62,99,99,85,27,58,77,29,42,14,25,45,78,94,76,69,100,23,57,2,98,81,23,85,85,14,58,66,91,4,35,67,26,17,80,71,49,69,42,31,14,44,43,96,16,1,35,41,21,98,40,46,70,92,50,67,78,29,2,61,21,27,1,14,77,33,79,8,66,77,50,26,21,21,12,98,93,60,96,75,14,25,55,4,97,90,40,34,79,41,44,100,77,98,96,51,44,91,88,49,15,65,37,42,87,59,35,33,90,13,100,60,64,26,66,95,17,29,87,78,4,11,7,38,98,90,29,23,22,35,58,46,7,23,89,23,38,74,4,3,87,73,77,63,72,9,94,35,99,62,45,40,2,61,70,43
38,20,84,7,3,54,81,11,45,74,0,76,78,84,100,54,69,10,68,4,10,3,40,73,54,51,73,78,85,78,7,53,45,2,26,1,54,50,23,51,61,32,59,14,43,11,51,48,90,68,26,69,44,14,24,68,21,11,81,86,66,77,43,79,62,48,99,75,99,81,18,26,29,92,14,1,37,3,85,33,88,50,31,24,18,7,79,72,94,82,71,46,13,74,39,51,92,83,26,83,46,51,12,65,72,88,79,28,50,18,65,30,13,20,60,81,47,44,29,42,21,74,53,16,37,23,93,44,51,35,79,15,99,98,49,58,83,68,70,46,44,9,13,1,70,27,59,42,23,80,8,74,4,25,12,41,97,33,48,52,64,18,69,4,64,97,78,54,5,39,72,31,99,70,98,94,84,17,43,57,44,60,88,40,25,41,8,87,54,33,50,30,94,42,65,30,14,50,82,62
34,1,17,26,58,35,69,29,10,7,82,0,58,28,49,53,35,65,47,89,26,58,50,77,45,88,73,69,16,59,11,95,37,5,44,71,55,33,79,77,33,60,22,88,57,59,19,45,5,64,96,47,63,45,10,82,91,31,24,65,72,38,71,2,22,37,38,34,30,71,5,74,66,94,81,2,13,80,85,28,51,68,22,71,80,17,51,43,60,39,7,59,17,79,36,99,5,63,88,56,56,96,59,52,46,38,9,2,9,2,20,97,33,25,87,59,39,80,26,41,87,90,32,31,27,22,19,70,100,81,39,41,57,15,89,16,95,25,98,33,10,34,34,70,13,20,57,58,22,75,85,99,49,21,18,30,23,92,52,30,65,69,15,2,28,81,64,94,46,48,57,8,39,64,20,26,90,36,83,21,9,16,37,59,25,41,1,26,66,62,42,58,49,54,41,65,45,22,52,31
3,75,95,92,24,50,11,56,92,9,59,98,0,53,7,83,88,88,98,32,68,95,33,13,9,5,28,29,40,29,65,38,66,30,45,80,31,33,34,3,77,87,52,80,55,75,100,99,66,56,85,33,4,7,37,11,3,4,29,55,26,75,49,34,29,55,1,35,29,26,40,54,81,85,3,91,2,31,86,72,57,29,71,54,49,53,47,57,58,41,70,43,16,30,72,100,23,52,27,81,87,64,73,6,67,67,76,77,56,95,84,15,41,37,40,16,8,76,11,65,37,76,80,9,12,36,79,26,81,26,80,55,54,52,57,22,85,78,71,68,26,57,7,39,81,81,49,35,22,48,56,34,14,9,15,11,20,44,44,12,20,42,8,47,48,82,26,74,8,21,5,33,78,10,86,58,51,4,97,22,88,54,13,77,35,9,21,4,99,91,63,62,42,47,99,86,26,57,74,43
96,27,51,96,46,39,62,53,48,45,67,11,88,0,24,10,70,71,6,62,65,66,18,82,89,9,83,88,92,84,6,74,76,59,95,90,44,35,29,39,11,97,47,26,86,6,54,55,56,77,1,16,68,69,33,29,67,44,70,76,72,74,69,45,47,51,1,88,92,65,40,58,51,66,62,26,75,35,32,51,48,90,28,41,46,51,54,57,83,37,41,19,94,98,42,47,43,82,18,96,47,29,55,3,92,3,6,85,62,75,36,6,78,68,86,67,46,56,35,30,43,84,76,27,7,47,90,6,14,26,26,52,62,33,74,42,81,97,93,22,91,11,90,29,94,67,30,19,17,72,91,78,41,76,3,7,56,49,72,4,21,29,51,3,76,60,62,53,58,69,63,39,84,1,15,80,21,43,75,14,30,100,1,47,40,89,57,82,94,76,33,84,24,8,9,63,32,87,77,61
79,74,97,87,19,80,8,95,55,57,83,77,54,8,0,90,44,24,29,32,64,82,50,44,31,46,17,22,92,79,11,61,34,52,46,70,42,36,87,74,97,5,5,7,4,79,59,88,77,49,64,97,69,12,33,80,31,65,78,62,20,71,45,96,18,13,9,55,79,20,83,33,67,17,94,92,52,96,29,46,38,40,47,30,48,22,12,56,51,17,93,67,40,26,6,68,79,27,30,55,87,90,76,32,78,17,17,61,55,28,49,69,95,54,66,84,60,67,31,29,76,70,89,100,42,86,51,47,57,93,57,32,70,88,85,26,3,78,33,55,27,70,11,10,30,57,88,58,81,84,65,1,90,31,72,69,44,79,41,11,50,40,30,61,99,97,45,64,90,33,19,10,76,70,5,3,90,16,74,74,95,80,48,34,72,19,28,60,50,55,84,38,59,65,69,9,28,94,52,90
43,61,85,77,42,64,82,82,82,99,94,89,39,79,50,0,20,26,59,6,58,40,70,70,13,6,52,66,26,83,5,8,35,38,76,96,37,44,54,90,30,23,81,89,13,75,41,54,97,41,57,11,55,71,26,43,61,17,46,80,2,22,44,35,38,1,63,38,51,64,78,99,94,24,81,55,28,38,65,97,93,21,10,69,6,97,51,47,18,37,38,25,34,59,25,15,32,72,91,98,82,98,13,78,54,85,62,41,39,97,90,10,39,75,19,59,85,72,91,5,60,88,19,76,73,51,7,16,82,18,7,68,45,73,91,36,40,29,93,4,94,18,38,94,46,42,42,88,98,38,2,68,1,84,51,5,21,8,70,85,17,33,54,65,50,41,95,96,73,93,45,28,31,55,1,7,64,36,63,56,75,34,92,89,74,47,79,36,54,99,62,74,8,15,63,45,98,98,61,61
60,37,67,74,49,83,32,60,81,97,95,65,68,95,10,37,0,63,15,35,64,52,59,7,19,2,34,67,84,7,98,68,23,97,5,38,60,69,22,88,33,42,22,36,81,40,48,89,65,94,87,53,56,95,31,62,56,52,51,2,89,46,95,61,88,9,51,100,9,13,26,32,53,20,45,85,37,16,49,93,84,51,38,99,55,58,22,30,14,84,27,6,34,35,24,84,84,55,14,30,7,47,95,8,73,78,68,85,74,98,66,35,30,41,5,98,66,50,80,93,57,74,47,92,34,79,58,56,49,98,77,12,97,23,98,25,29,36,97,76,81,54,61,59,26,37,78,85,48,92,29,9,24,25,8,12,66,56,76,100,73,85,7,26,50,14,34,31,6,98,70,24,26,99,58,15,88,59,69,91,91,83,47,51,40,77,5,79,90,42,39,47,22,86,10,27,53,69,94,43
46,73,20,67,22,57,6,84,86,96,60,35,14,32,69,47,66,0,10,4,99,58,37,81,17,91,12,33,89,35,35,97,65,29,13,71,96,18,4,86,90,46,2,22,72,93,70,19,69,88,25,71,24,10,6,46,64,11,89,36,1,61,44,83,25,95,87,51,84,44,71,54,70,90,58,90,92,29,17,76,54,80,47,15,29,35,66,69,29,23,6,68,61,17,15,71,78,58,69,85,24,6,14,91,8,14,30,83,27,3,56,21,91,41,100,49,78,37,41,76,74,83,49,65,31,73,24,22,63,19,1,79,2,22,14,82,20,79,55,61,54,84,34,39,14,32,55,85,89,84,96,21,98,30,35,57,41,20,77,54,8,95,12,96,37,16,88,44,34,63,24,28,25,3,24,74,8,3,51,18,87,97,44,66,36,45,53,44,21,73,81,93,31,54,52,93,72,100,3,49
57,34,17,17,96,30,38,13,75,53,7,95,25,38,6,24,60,94,0,70,52,33,19,66,77,11,86,52,47,66,7,2,100,83,65,53,30,14,67,12,36,73,5,31,54,49,46,16,12,20,45,77,72,53,30,97,19,1,66,59,26,64,16,38,10,53,71,52,25,68,90,68,78,45,8,2,78,100,85,62,9,32,63,49,44,18,26,83,42,95,27,58,46,60,85,78,70,2,68,2,47,13,38,55,92,15,96,9,76,57,73,26,55,66,31,28,38,15,33,8,81,96,5,16,9,52,90,17,48,21,56,32,39,40,61,69,61,68,61,33,71,61,14,53,99,54,18,46,99,66,76,4,20,62,95,3,40,35,47,97,99,12,50,2,64,36,64,70,27,32,56,46,76,30,24,57,42,57,76,55,63,86,98,22,82,27,46,49,67,71,59,75,44,54,20,35,80,17,89,82
76,85,58,66,24,7,73,37,99,15,74,75,91,52,34,25,32,44,40,0,90,16,17,43,27,9,89,66,99,56,42,23,56,25,64,76,12,39,19,12,52,39,13,60,27,41,87,2,20,34,56,54,60,34,100,17,78,98,49,70,72,26,46,44,14,67,77,97,25,100,41,97,61,52,28,61,18,31,66,68,10,63,34,48,1,13,14,37,58,37,59,62,97,15,75,83,49,20,53,30,40,59,23,78,19,100,100,28,28,48,2,85,96,12,27,22,49,9,95,65,37,71,58,19,66,8,97,65,7,3,63,23,13,58,65,93,45,20,22,79,86,32,58,50,21,33,33,65,74,65,18,22,11,47,51,61,37,52,14,72,68,31,1,42,10,28,74,69,62,95,27,52,85,60,84,50,69,14,58,21,20,2,70,92,78,83,49,8,91,87,92,44,61,81,47,23,56,17,15,1
45,32,89,56,34,88,70,97,37,72,37,54,23,47,20,86,8,50,51,26,0,27,14,60,29,89,52,39,98,94,54,88,24,67,48,45,13,46,91,91,94,29,17,72,100,64,59,14,47,70,56,62,64,60,58,64,92,10,29,60,61,88,52,17,74,96,18,100,59,99,56,67,15,33,98,20,48,12,17,17,76,100,58,100,20,22,63,80,23,49,2,48,61,54,18,94,31,84,24,6,55,28,33,69,67,44,11,3,44,40,72,94,36,49,95,81,78,54,97,53,31,45,17,61,81,91,87,72,51,82,27,38,72,9,74,55,54,85,75,4,45,53,78,50,18,68,74,10,41,78,56,100,56,33,27,67,32,70,18,91,31,28,10,51,86,88,32,96,73,21,81,74,10,90,39,30,51,36,60,89,31,15,22,90,41,88,9,58,82,37,39,70,71,87,97,26,87,65,97,32
20,64,73,22,25,60,15,98,52,71,79,73,66,80,71,34,7,41,44,95,15,0,4,68,41,81,7,85,41,23,51,78,40,27,53,96,75,58,37,7,22,30,6,22,64,19,46,58,42,93,79,49,97,89,43,69,53,86,90,13,84,46,5,57,25,1,54,44,45,36,88,17,88,98,33,88,59,36,56,69,88,29,46,73,14,45,95,24,77,49,89,19,96,9,4,88,21,55,13,44,72,50,51,11,22,32,9,21,88,95,81,76,25,45,63,46,87,80,50,37,61,80,73,51,8,4,96,71,35,96,92,77,47,82,4,68,97,95,30,92,40,25,3,57,3,54,46,96,90,94,31,37,67,29,6,99,73,4,100,89,78,53,86,61,92,96,82,49,90,60,46,32,74,29,64,62,43,75,17,69,15,40,95,21,95,23,87,97,73,8,73,18,65,69,41,21,41,85,10,59
5,8,55,62,29,16,25,85,28,62,47,31,94,51,84,40,64,25,98,89,84,26,0,62,8,64,5,19,81,14,65,63,11,88,76,52,35,47,56,25,5,50,38,24,51,61,32,41,83,31,25,50,87,55,19,45,71,62,12,65,86,35,54,54,61,69,68,92,52,96,79,48,43,44,47,13,9,54,43,5,11,24,73,57,34,66,77,60,25,61,19,46,41,79,94,7,79,20,67,45,32,65,23,88,58,64,84,16,28,82,25,96,26,75,65,37,59,95,5,9,49,46,32,37,76,60,90,88,47,46,28,60,34,69,83,43,94,75,59,85,45,44,91,43,53,54,87,84,94,8,50,76,13,50,11,94,24,90,95,75,68,86,22,22,87,20,70,64,70,60,72,60,100,56,95,95,8,66,14,3,90,70,12,46,91,43,42,22,78,52,24,35,99,39,82,72,21,91,54,71
61,88,20,47,24,86,53,28,45,10,57,75,97,65,82,41,13,3,74,51,83,3,28,0,27,38,91,97,91,18,80,30,58,39,84,15,59,20,20,62,90,54,69,19,4,27,77,30,43,49,24,23,70,3,38,25,33,7,26,56,68,40,2,20,49,53,2,42,83,18,25,76,58,35,90,95,51,30,83,60,92,5,37,35,63,83,20,71,41,47,74,18,56,5,53,44,69,93,19,31,34,99,75,70,71,35,15,85,61,3,41,80,37,65,11,30,27,9,68,88,25,6,91,86,93,57,14,14,77,30,61,48,89,30,55,32,8,52,6,4,44,89,27,10,96,16,68,56,14,19,30,45,29,99,44,11,50,69,35,21,46,62,98,98,24,80,25,42,96,91,59,92,69,93,92,12,9,55,63,11,95,25,75,77,49,99,92,35,77,75,67,6,54,69,33,58,72,1,20,58
6,69,64,5,20,82,44,8,22,70,87,31,8,94,99,54,85,27,67,35,1,88,74,72,0,53,40,81,60,13,61,81,19,53,5,48,82,80,12,36,29,7,58,87,52,99,10,38,95,76,32,5,60,60,85,60,81,32,42,64,21,61,49,59,45,49,76,53,52,23,95,19,2,36,22,12,90,2,73,16,46,53,40,17,1,14,78,86,74,27,22,51,3,33,51,24,93,67,57,3,17,62,67,51,30,2,81,93,43,88,50,56,78,63,94,59,92,48,3,4,80,29,96,92,46,34,11,15,92,27,33,29,10,57,100,52,74,8,79,38,71,97,6,62,34,57,15,16,92,71,10,22,81,8,20,92,70,62,44,60,29,26,33,8,51,99,27,25,86,58,56,41,8,79,61,51,88,58,35,78,5,39,78,71,72,56,86,54,94,9,64,17,98,62,55,86,62,98,82,13
41,89,39,85,68,9,33,47,39,65,86,67,90,73,2,59,16,93,4,52,79,43,10,26,36,0,97,81,24,24,7,47,8,42,50,85,31,67,85,46,15,68,39,47,71,85,85,40,94,7,19,30,38,68,21,37,43,37,84,30,64,38,27,59,4,22,74,82,98,17,97,57,55,34,37,31,46,77,45,54,4,89,12,69,27,44,92,30,81,39,33,90,15,4,80,91,30,33,43,52,61,1,60,90,4,75,40,95,35,83,2,77,73,78,73,43,25,52,86,83,74,79,22,18,73,22,99,71,42,51,42,39,32,16,25,5,23,25,66,43,64,11,6,99,6,29,77,18,48,17,74,42,98,27,7,47,44,42,46,37,19,71,90,53,85,60,42,96,90,96,82,62,2,75,73,56,65,54,70,52,86,84,97,94,39,68,30,18,68,87,89,97,47,65,97,60,86,15,77,30
85,63,42,94,58,8,26,35,38,34,94,11,25,77,99,12,6,33,89,37,94,97,76,35,32,41,0,68,92,87,38,69,1,35,44,52,45,97,82,82,53,11,59,83,14,93,75,77,82,54,53,49,99,69,56,31,69,79,9,44,17,55,63,75,53,43,20,56,29,1,47,56,88,69,20,31,5,38,94,57,80,33,33,12,66,17,21,95,50,69,69,17,52,61,57,13,37,25,48,63,94,3,70,88,29,24,100,21,32,64,88,2,20,56,95,82,54,75,72,67,72,24,54,91,37,76,70,70,9,53,24,56,58,18,4,46,76,73,34,90,3,87,45,90,83,6,84,89,84,76,60,66,29,24,69,71,2,99,53,76,37,36,77,82,78,62,58,35,74,35,73,32,34,97,71,16,23,65,93,28,62,60,94,81,16,36,21,54,6,24,5,28,31,74,14,81,50,84,27,17
41,98,19,80,17,16,35,78,50,31,46,27,34,40,63,72,48,66,60,90,92,43,47,87,94,34,78,0,20,63,15,80,64,52,15,67,15,21,73,35,18,34,68,37,53,78,28,2,29,79,77,92,35,92,22,4,65,52,90,79,92,77,8,58,28,48,35,78,18,100,52,91,77,16,96,89,70,28,18,85,11,17,16,39,31,80,64,16,97,66,26,90,91,53,17,60,54,14,74,21,22,69,16,60,41,24,27,97,76,90,36,78,39,19,53,24,6,24,42,20,92,74,83,58,60,10,44,72,24,75,84,15,30,41,56,89,29,56,20,2,58,59,67,84,66,43,89,62,81,62,26,44,46,100,8,73,31,82,18,90,9,31,79,10,37,48,98,73,12,45,25,81,24,4,28,9,40,63,74,65,46,62,74,68,82,17,96,100,91,81,12,39,11,30,84,62,60,89,42,22
31,87,100,67,41,71,17,26,84,89,69,50,56,93,1,52,59,37,45,96,78,38,95,75,20,49,30,79,0,26,10,96,93,51,44,63,5,93,84,94,7,12,100,70,64,56,33,62,5,46,20,69,63,30,77,39,25,45,23,19,51,4,59,2,38,83,44,59,64,43,14,69,1,70,100,77,2,89,62,38,20,16,97,19,76,85,11,19,25,94,70,7,33,77,55,7,97,88,32,47,87,24,35,12,12,41,9,47,69,15,75,77,79,47,24,11,71,52,37,80,57,38,68,39,44,32,93,19,96,100,89,81,29,93,46,16,28,13,60,47,66,26,64,56,36,77,13,90,35,57,85,2,51,19,76,21,96,65,45,5,17,57,12,34,47,85,45,83,67,84,56,91,54,28,90,70,73,48,27,57,25,1,25,77,8,57,63,98,29,76,50,32,83,75,75,78,72,30,42,20
29,15,27,84,67,10,58,90,74,60,7,83,12,38,41,53,16,61,88,88,24,72,17,74,18,22,70,81,70,0,15,16,89,97,25,29,98,18,90,69,89,83,1,91,9,17,10,89,34,22,55,90,54,45,70,10,46,22,85,73,35,17,71,83,80,17,33,45,55,3,87,8,54,95,77,95,37,12,24,38,55,87,33,68,92,24,95,47,60,52,76,5,5,28,67,78,37,83,94,41,10,49,15,1,26,18,25,11,39,57,57,38,67,71,68,13,85,8,32,14,65,80,94,85,17,11,48,21,91,44,100,94,1,32,32,24,82,58,42,26,64,12,75,79,49,89,21,56,54,89,44,2,24,95,38,74,60,52,41,68,11,78,62,48,99,15,83,69,39,76,70,25,81,82,5,11,85,81,8,41,45,57,53,37,54,49,37,44,35,99,37,46,24,49,29,75,73,84,95,15
76,50,49,1,44,29,95,84,7,51,65,91,54,46,58,64,60,9,58,55,61,9,11,15,79,63,50,54,93,20,0,94,50,3,88,55,80,6,76,49,85,3,90,81,21,72,83,19,81,75,84,78,39,22,37,78,81,51,26,46,92,34,17,26,78,54,41,8,96,35,7,17,8,71,12,22,12,7,73,97,1,63,10,6,51,52,20,83,27,87,29,47,27,33,4,95,80,39,85,24,78,47,57,35,95,27,69,96,26,63,34,28,21,84,67,28,77,60,5,19,75,54,26,86,8,54,8,55,14,34,62,76,62,45,59,65,51,89,42,35,79,85,48,46,84,16,19,99,85,51,35,51,18,50,65,30,80,56,73,40,94,93,5,75,75,42,4,10,55,85,7,1,18,16,69,64,37,79,43,26,73,35,46,6,34,59,57,12,86,21,94,43,74,8,80,34,19,78,70,28
7,36,20,24,37,46,60,33,95,41,5,14,25,15,93,90,69,95,51,81,39,20,21,87,17,27,9,34,25,17,52,0,62,17,3,92,14,31,44,9,42,66,66,49,10,87,90,85,56,92,24,82,95,72,98,7,94,95,15,47,86,23,83,58,13,44,17,44,68,89,18,17,40,89,98,65,17,60,78,67,37,20,16,23,18,45,64,32,8,47,23,45,97,55,56,10,54,15,21,35,91,78,65,100,63,27,70,77,9,45,98,37,71,17,1,88,39,16,69,9,83,45,12,7,93,77,1,57,48,83,15,45,17,30,88,99,65,2,35,96,51,51,33,94,49,12,29,38,77,66,73,13,52,22,83,79,51,30,90,46,3,68,70,38,76,57,68,40,32,7,58,22,81,35,56,91,75,89,26,74,24,40,42,98,81,86,42,93,2,63,14,80,57,39,85,5,65,96,33,57
98,96,35,97,81,6,59,64,76,16,21,52,47,36,48,63,97,2,83,50,59,9,27,52,56,95,9,8,89,20,11,87,0,14,61,77,42,50,28,79,89,82,88,73,81,76,80,50,59,74,12,95,19,78,58,82,58,65,36,67,35,36,54,4,84,65,61,22,90,77,83,18,82,69,61,65,83,9,57,67,8,53,74,3,6,15,60,35,77,86,80,54,51,69,72,35,65,87,81,18,10,40,38,45,33,33,69,92,27,45,28,80,90,11,56,17,87,40,10,38,80,63,18,8,22,49,10,43,27,74,41,78,26,13,58,30,19,27,31,22,99,70,20,50,58,7,74,65,58,94,55,70,90,14,31,97,77,47,87,86,89,56,5,79,96,16,45,64,58,67,13,94,18,17,75,92,63,75,58,19,78,98,13,15,86,34,93,48,50,41,36,94,64,66,68,72,39,70,86,93
2,40,97,59,75,39,69,7,76,13,94,78,3,9,94,66,80,64,67,34,32,90,45,1,67,88,70,25,7,100,47,34,69,0,31,12,47,11,25,45,30,66,54,29,60,27,15,88,74,17,13,59,2,36,42,18,66,16,70,50,25,97,27,39,70,46,31,52,45,76,32,71,83,48,44,86,18,69,16,40,23,42,49,92,92,90,59,35,5,81,18,32,37,26,80,17,1,21,8,24,4,51,52,26,71,77,91,69,59,72,33,84,17,75,67,23,27,10,3,80,18,70,71,48,9,42,81,100,71,13,18,92,4,5,66,80,14,15,62,88,88,43,56,71,72,2,72,4,38,100,13,91,67,60,36,21,80,78,37,74,39,62,75,11,55,14,26,41,9,68,79,60,71,39,30,80,10,26,22,42,6,20,81,76,20,82,76,38,3,54,11,23,56,86,59,66,33,26,81,3
34,47,2,17,34,34,10,82,41,50,82,35,81,42,57,7,98,33,53,28,15,85,23,83,43,65,71,38,3,74,65,51,31,20,0,32,72,99,72,89,39,76,86,62,83,44,92,10,75,5,35,78,76,10,27,65,16,91,48,58,41,40,84,63,1,9,1,70,95,82,16,28,75,4,90,97,39,59,94,10,20,86,50,13,11,53,12,9,34,86,5,21,59,66,52,37,98,69,17,86,3,16,13,91,18,43,28,39,23,73,92,19,76,100,26,8,35,47,100,44,1,42,95,61,52,34,12,34,40,44,26,77,19,4,69,74,51,31,19,12,4,74,8,33,52,74,32,54,99,42,25,3,78,5,23,21,66,58,47,29,78,55,14,41,32,24,95,46,94,87,6,83,56,50,14,24,73,12,65,34,12,96,36,9,70,48,5,93,73,5,87,57,48,18,28,17,24,5,75,20
68,18,20,77,75,59,24,74,15,83,31,11,69,70,6,47,85,43,98,29,80,39,85,52,47,7,16,80,93,94,50,23,7,76,75,0,9,88,10,86,29,87,71,92,38,10,100,91,54,44,91,96,8,99,85,45,28,76,87,2,75,87,80,6,64,67,19,9,81,48,88,74,95,46,66,86,37,100,76,76,70,85,77,54,68,65,91,65,28,73,57,22,44,48,43,3,62,64,48,86,21,46,67,43,71,75,3,86,32,63,27,23,6,89,39,78,37,36,72,54,84,25,79,89,86,15,31,49,34,90,2,85,14,23,59,45,47,1,46,13,75,73,25,18,39,43,48,53,68,1,26,5,99,22,8,77,46,16,41,30,4,42,80,90,65,90,92,100,87,67,73,52,26,49,61,70,88,93,51,15,50,90,49,66,25,52,51,38,90,22,88,32,81,73,17,38,55,54,91,87
88,51,99,28,26,98,88,56,61,28,2,32,2,31,30,54,21,10,99,41,50,49,96,40,38,96,47,7,20,44,15,15,36,41,47,99,0,21,80,54,72,54,39,24,73,59,71,93,71,9,43,24,74,84,98,41,54,29,91,61,56,81,6,45,59,8,86,53,52,49,62,52,43,98,78,42,90,6,46,28,60,37,58,35,37,45,19,100,18,78,77,24,55,23,62,22,65,41,57,53,96,22,24,32,20,73,68,49,36,64,32,2,33,61,35,6,52,23,16,77,86,37,12,19,77,95,36,20,28,35,92,82,79,61,91,46,10,8,8,84,55,24,89,98,45,8,36,77,14,11,24,26,84,59,52,83,22,29,61,28,80,46,78,100,91,2,87,43,53,55,32,97,9,50,87,67,68,96,50,95,93,19,59,91,27,22,91,96,43,26,24,45,94,76,66,14,5,32,96,42
47,27,65,20,76,94,68,69,41,20,20,31,98,56,23,83,42,39,68,84,71,35,51,94,65,46,75,94,13,50,55,6,49,39,58,88,39,0,4,95,46,6,87,57,25,82,77,65,72,25,40,63,22,6,7,8,13,81,97,50,71,44,31,38,59,87,52,34,43,4,59,83,6,52,1,39,86,81,36,46,52,54,92,66,65,75,40,1,86,16,39,12,37,2,76,67,71,56,21,60,80,82,4,1,41,55,10,81,14,37,65,17,69,92,60,61,17,57,24,92,95,58,94,52,36,55,93,74,7,57,56,49,5,29,67,91,55,71,7,78,48,79,83,7,59,30,24,73,39,74,28,15,3,49,50,41,91,70,20,20,26,68,1,100,69,44,94,94,81,73,28,89,40,100,28,59,64,87,51,74,53,42,24,62,56,21,46,99,6,20,22,40,81,94,13,64,98,29,28,46
66,18,36,92,79,24,95,86,16,53,62,79,14,31,71,99,6,26,100,43,29,61,8,89,93,65,88,70,69,51,89,3,18,35,91,34,15,97,0,92,60,31,25,19,53,32,30,45,43,14,28,66,38,24,81,69,56,36,26,16,92,19,57,65,48,36,68,78,63,11,80,94,83,12,45,60,62,11,31,66,77,13,61,1,37,16,7,59,36,58,6,4,86,27,13,53,46,92,19,24,28,79,69,64,19,5,48,98,64,55,35,41,71,52,27,80,64,93,8,44,83,79,100,29,58,94,99,61,29,14,57,45,97,29,47,92,23,91,54,54,95,1,21,92,80,72,55,69,37,12,20,4,96,68,39,31,12,52,37,50,7,42,57,18,95,78,12,15,13,72,76,23,47,100,42,39,73,56,11,2,49,10,96,43,99,12,24,5,57,18,2,8,22,52,44,93,34,46,41,38
34,12,98,80,62,50,17,97,30,6,78,81,38,2,77,15,67,35,87,34,52,39,95,35,46,15,55,50,88,30,92,100,100,24,98,44,5,52,22,0,61,35,70,57,30,73,19,41,51,41,46,49,68,3,18,52,86,17,20,88,84,42,90,71,13,58,63,87,14,62,27,98,75,24,35,97,81,98,24,41,68,42,13,14,26,80,83,28,70,35,60,55,25,85,35,67,87,80,61,47,58,65,8,12,66,68,60,93,80,60,8,44,9,86,82,75,97,51,24,11,48,29,54,21,65,39,58,71,70,95,79,66,50,1,29,67,13,7,74,59,21,96,39,19,58,98,38,43,15,61,47,23,14,43,80,16,14,7,18,85,67,71,73,61,25,24,56,65,2,29,99,40,90,64,21,76,37,74,75,30,29,81,45,31,42,12,27,76,19,80,61,71,22,93,16,60,52,51,14,70
32,43,12,47,70,77,81,93,42,45,12,86,33,60,52,34,71,84,43,37,17,24,85,91,41,95,47,62,45,22,36,17,92,52,35,69,100,83,49,29,0,49,43,24,60,1,35,65,34,18,64,71,94,9,92,81,11,53,53,79,47,47,5,72,44,9,75,34,78,47,48,58,37,66,42,96,3,81,19,57,87,26,45,94,39,14,60,58,57,47,95,16,32,79,6,54,61,19,58,70,10,63,60,80,75,77,69,44,5,6,25,27,80,88,99,70,68,100,81,65,46,67,19,96,1,22,84,73,56,46,75,53,87,97,76,18,33,80,30,6,80,51,70,88,13,11,52,2,100,73,53,12,91,81,32,3,93,54,45,22,30,16,14,14,38,43,35,56,34,7,63,82,26,61,8,5,70,8,71,53,25,56,47,23,97,43,74,56,23,24,93,22,30,98,57,58,12,57,89,30
51,26,83,74,7,69,1,57,14,88,78,53,22,23,64,85,19,78,69,35,46,30,53,98,98,34,56,12,99,81,51,50,19,23,98,100,36,78,24,5,89,0,81,5,100,75,31,54,53,8,66,5,37,8,40,3,9,55,16,20,59,66,79,46,40,38,14,48,87,5,2,95,67,1,62,18,28,98,74,29,69,12,47,57,32,25,33,99,91,10,55,59,77,90,96,19,76,74,3,1,89,4,12,61,31,87,21,34,67,64,18,91,8,27,40,11,96,39,15,52,72,94,70,89,93,84,95,41,3,74,89,57,2,32,58,35,94,86,29,5,42,80,2,14,14,18,17,32,54,8,89,60,5,3,34,33,90,47,86,83,68,23,76,100,52,92,47,45,73,59,65,50,58,22,56,49,24,56,25,50,41,67,86,82,41,94,53,83,24,15,13,15,19,56,63,63,24,57,24,68
11,47,48,80,28,32,35,7,61,72,51,65,93,43,76,77,34,3,53,21,46,96,45,66,64,15,77,33,37,2,60,68,12,14,25,79,96,33,32,47,27,20,0,59,56,100,86,82,56,68,31,20,41,57,92,71,12,94,8,10,92,99,73,29,87,56,2,59,27,16,80,82,65,97,11,52,64,55,26,16,63,69,32,18,40,29,65,59,22,45,85,31,26,1,14,12,27,80,14,44,13,62,21,31,96,7,58,19,41,97,82,26,34,29,74,75,88,2,65,89,77,84,72,7,80,55,52,18,7,82,82,71,85,29,31,81,39,16,78,64,25,23,98,52,66,18,12,96,18,66,61,59,37,50,17,24,18,88,96,61,19,92,66,31,26,58,75,13,28,61,1,40,52,78,89,33,55,58,49,67,98,100,60,72,17,73,55,92,23,11,20,42,19,13,17,77,85,35,10,61
44,27,9,92,38,42,54,17,10,71,60,10,75,76,43,82,15,95,45,18,38,17,32,61,37,19,54,91,80,31,16,9,9,27,5,79,88,71,87,56,75,97,91,0,98,98,2,6,5,59,85,35,67,68,22,92,39,3,61,22,18,43,28,54,35,37,13,34,41,56,92,39,36,59,70,56,64,64,36,61,15,95,79,90,44,66,10,66,44,4,48,27,71,16,71,39,64,55,34,39,57,79,84,35,59,48,55,85,35,62,51,10,79,60,89,31,49,83,71,43,95,51,45,23,31,73,79,9,3,99,57,28,52,96,52,26,28,26,1,67,19,47,52,50,28,18,80,64,30,12,53,34,83,19,97,42,46,13,81,67,72,4,57,56,92,73,22,78,74,12,12,92,93,100,63,73,47,92,57,16,24,75,17,96,57,53,100,11,99,65,24,14,22,79,44,2,57,68,59,50
8,53,12,33,54,80,58,36,47,18,58,65,6,64,12,35,71,66,46,83,93,14,18,28,81,51,90,64,67,57,78,5,36,92,85,87,21,28,15,50,47,41,65,48,0,33,24,88,95,98,14,84,58,95,80,33,86,67,93,96,67,17,12,1,9,32,57,37,44,13,65,29,15,48,81,76,8,28,100,46,31,12,12,42,61,32,32,18,72,89,10,45,77,9,93,75,8,57,64,71,53,73,44,3,28,33,69,70,51,38,79,14,61,21,61,100,38,21,64,93,5,7,42,57,59,71,43,32,45,16,74,93,47,60,49,27,59,68,8,75,95,66,67,75,4,65,57,23,87,92,51,55,97,11,33,47,26,88,73,12,54,33,82,30,5,6,12,76,8,69,52,13,29,22,14,35,28,81,7,74,17,67,59,91,88,14,54,56,7,53,24,94,49,59,55,2,13,11,35,64
99,85,46,88,49,15,93,37,9,20,51,70,50,58,59,39,11,52,94,41,78,70,42,86,48,88,6,43,46,32,51,52,51,63,18,76,61,84,79,80,72,59,99,18,38,0,100,38,2,30,48,21,61,94,14,69,15,70,73,93,93,41,13,51,90,3,30,14,12,99,74,69,76,94,31,36,14,30,83,83,2,5,13,88,56,30,7,96,89,77,1,93,26,24,79,1,26,89,35,96,98,91,34,7,47,70,10,92,54,55,72,33,80,94,96,41,80,36,40,54,1,100,69,21,76,56,60,7,2,29,35,43,95,26,99,71,82,52,29,94,53,28,31,30,73,65,19,71,100,64,47,29,26,1,68,61,52,100,83,7,21,35,22,66,21,42,46,92,97,93,73,45,12,21,63,8,62,2,9,92,30,80,87,72,22,71,38,72,14,92,41,24,19,2,80,62,36,60,41,63
8,54,44,90,76,22,25,15,12,49,94,82,39,7,81,23,28,67,24,79,80,63,3,74,7,53,67,52,8,98,15,89,47,74,90,81,41,4,49,80,79,18,85,69,18,60,0,81,97,7,20,13,24,17,76,95,10,62,1,94,8,23,36,87,69,92,72,64,16,69,42,71,68,8,60,32,44,10,83,86,78,22,65,37,88,11,52,50,3,36,68,72,1,97,44,13,56,98,22,14,53,64,94,6,29,57,66,48,23,37,2,67,54,9,48,85,66,75,91,27,51,30,91,87,48,34,71,56,93,67,68,73,21,100,97,86,60,24,94,8,58,38,22,70,82,53,42,77,37,46,14,3,78,42,26,7,65,30,90,77,18,59,23,56,4,79,81,10,85,76,63,69,14,76,13,21,47,48,50,34,24,9,39,92,23,40,19,42,17,35,74,75,1,43,97,88,81,86,16,93
17,27,88,85,16,36,36,69,13,55,61,46,79,67,67,59,28,51,33,13,44,74,94,62,39,18,51,100,65,92,49,91,81,2,68,71,67,71,63,16,24,55,6,84,65,6,66,0,34,15,58,94,100,79,25,27,43,29,47,26,56,2,14,4,73,60,65,70,100,14,80,28,84,71,51,13,44,28,69,12,43,47,48,81,1,46,53,74,63,27,86,96,8,93,51,28,42,50,53,14,24,10,70,5,37,22,4,14,17,96,38,64,42,68,85,74,35,22,95,76,96,56,73,78,82,32,71,72,100,10,96,23,10,65,49,36,13,80,57,35,32,2,64,23,79,41,84,73,75,99,42,60,54,52,50,100,66,10,9,70,38,32,49,38,71,30,84,61,60,14,68,18,82,30,51,64,51,27,33,73,79,64,84,2,49,26,13,37,33,77,35,62,45,91,35,87,39,86,6,88
89,1,48,27,89,62,51,93,50,19,84,89,78,100,65,34,16,62,80,21,34,31,2,15,54,6,4,87,77,62,55,10,18,33,45,100,70,5,71,2,85,65,18,56,15,10,16,8,0,93,46,52,45,22,38,91,9,90,64,49,20,12,1,51,98,81,16,35,86,28,79,29,18,29,80,31,4,55,96,54,52,43,53,41,50,79,60,84,79,14,50,41,45,40,31,47,44,56,83,19,77,49,19,83,52,27,60,22,18,34,49,39,28,68,87,20,37,94,49,27,44,20,86,73,22,67,79,80,89,61,78,6,33,27,10,54,31,83,50,19,86,60,4,67,65,96,69,27,95,92,21,100,99,89,77,70,74,14,24,88,74,64,40,7,91,45,77,98,59,27,100,41,24,70,76,83,44,77,18,100,63,58,23,47,86,57,80,71,78,46,66,39,79,50,85,61,99,61,18,78
48,7,46,21,76,58,45,56,71,66,49,73,93,59,50,94,10,67,2,24,46,28,7,41,33,70,23,36,25,63,89,60,90,88,66,62,11,56,77,1,71,83,57,30,47,12,62,69,33,0,68,22,57,98,28,45,37,74,46,94,100,55,38,5,56,43,80,42,76,5,4,58,20,17,66,80,54,4,46,65,19,15,70,31,90,16,49,9,1,43,30,53,32,91,71,18,19,8,44,83,20,66,28,59,71,47,35,65,73,14,72,81,33,43,93,28,25,14,97,7,73,43,81,93,52,25,82,5,14,4,80,22,79,99,6,31,67,43,96,72,51,9,36,10,63,85,88,37,10,15,72,99,5,71,60,28,28,59,67,46,76,1,30,20,88,44,85,13,25,54,99,82,31,31,97,3,48,57,98,64,33,75,37,37,98,41,80,31,96,44,89,81,73,26,2,72,21,6,81,76
49,1,33,3,22,54,14,6,81,59,85,22,80,69,88,76,92,97,5,77,70,30,13,89,8,91,71,86,46,43,67,3,1,3,100,33,65,17,27,31,43,94,28,58,40,51,76,75,64,31,0,90,64,34,39,52,65,23,65,52,22,62,54,13,74,19,46,72,73,8,37,57,24,85,11,18,93,81,84,91,80,33,64,9,32,93,87,6,2,26,22,7,66,82,95,30,51,32,7,86,64,6,91,52,12,24,61,97,7,53,4,83,6,63,58,59,2,70,35,93,40,92,83,89,60,65,59,1,8,46,74,14,87,31,83,21,41,3,28,30,70,65,91,40,55,4,16,59,6,72,26,53,55,18,75,23,14,7,25,66,9,68,85,41,47,39,79,22,51,100,2,51,84,19,88,41,59,71,67,75,29,15,30,47,26,41,29,19,68,82,57,63,82,93,64,28,41,69,64,58
91,63,8,69,83,4,65,98,55,23,22,41,56,8,64,33,6,36,39,78,56,89,76,54,80,51,61,38,12,20,51,3,93,49,31,51,79,56,86,12,100,42,46,50,56,64,95,82,62,27,97,0,61,19,64,17,3,46,82,83,76,37,52,26,55,88,78,8,22,73,93,31,91,60,40,18,47,8,83,71,16,36,58,80,75,32,81,11,85,8,92,68,78,38,13,84,72,45,82,37,80,56,8,74,76,87,42,48,47,65,48,58,89,2,65,43,29,85,43,75,12,4,32,66,78,72,90,65,69,77,82,99,6,76,22,29,81,48,67,39,14,1,47,10,72,60,17,32,81,64,85,93,24,63,3,3,84,37,68,86,1,50,77,44,33,66,37,35,36,58,8,58,91,94,52,93,46,58,32,36,46,6,54,58,87,23,86,95,99,20,90,72,75,56,22,31,1,36,85,19
63,77,16,1,46,23,55,41,18,44,67,95,46,72,94,37,19,43,40,61,73,27,57,75,65,39,15,97,45,20,70,29,50,68,44,37,8,25,96,32,46,11,38,48,49,67,52,87,40,52,82,6,0,6,70,60,96,51,77,72,36,19,43,69,77,64,11,56,73,91,63,34,56,21,64,100,53,7,24,86,8,25,24,38,53,45,86,60,25,95,28,7,62,51,49,19,19,36,46,58,17,19,71,57,27,17,1,87,19,88,18,58,17,52,88,24,22,62,46,27,56,25,20,23,64,97,14,37,19,82,37,34,93,99,14,69,89,42,22,9,29,94,47,84,74,59,10,65,55,43,23,78,26,80,48,50,78,68,62,89,98,66,26,88,1,72,89,13,81,45,52,58,51,9,95,24,12,51,54,60,23,10,89,25,43,89,95,13,55,19,41,26,39,50,12,67,74,46,27,36
60,11,37,88,19,60,46,66,32,44,69,84,84,11,21,94,75,53,45,49,39,10,84,73,59,91,82,8,16,6,96,92,83,30,22,84,59,66,77,100,60,57,67,96,43,89,64,40,37,65,66,89,50,0,59,30,11,64,60,9,41,90,72,29,6,57,48,18,18,53,22,70,76,5,84,77,52,49,83,51,19,90,67,22,48,64,95,20,56,21,20,55,45,85,35,16,24,84,96,10,90,28,7,79,15,34,16,14,74,48,40,1,20,87,8,35,13,29,65,54,36,33,71,11,31,53,52,75,35,65,56,53,92,71,43,43,82,85,91,57,46,79,44,65,100,32,35,100,77,27,48,70,33,2,85,63,14,75,19,21,8,68,1,67,85,50,8,23,43,69,19,11,39,9,67,47,65,13,30,92,38,46,36,22,82,32,96,8,100,51,33,89,62,28,45,70,57,27,89,5
71,53,9,77,33,51,23,19,15,40,10,80,55,100,79,62,27,39,31,33,13,80,9,37,81,65,32,64,94,49,90,81,85,95,68,55,83,61,57,90,30,54,14,8,55,16,88,69,56,86,37,56,57,68,0,25,6,21,72,10,75,26,65,90,21,31,54,76,87,82,4,49,33,8,33,17,36,61,29,10,39,65,9,99,95,70,50,29,7,50,73,32,58,43,79,37,66,1,43,66,2,43,48,27,45,52,9,28,42,83,87,77,74,92,80,73,26,65,43,2,75,94,4,28,1,42,89,19,19,67,60,61,84,52,53,39,100,23,30,37,56,18,18,36,89,31,4,71,25,27,68,75,55,42,40,40,70,13,82,25,49,44,57,15,57,54,1,28,19,2,73,82,37,10,46,52,21,93,20,80,37,64,39,19,56,48,4,72,56,91,82,49,8,14,25,56,15,24,83,63
33,96,39,69,93,93,73,62,76,24,76,49,57,74,85,42,70,89,4,98,59,97,98,80,82,73,51,100,99,74,16,46,1,3,22,5,10,28,2,17,95,87,80,89,39,75,50,76,68,96,88,46,15,59,17,0,32,89,95,58,7,20,5,40,63,69,80,10,7,2,26,46,100,97,76,34,72,25,44,42,90,19,36,68,59,91,28,93,68,49,89,27,50,50,43,98,13,92,74,48,41,91,45,22,54,98,95,72,3,56,6,67,31,29,47,60,35,28,31,77,86,81,67,72,70,29,29,91,20,59,27,42,36,33,3,37,5,95,80,37,99,74,28,10,24,87,11,59,18,20,65,56,81,61,19,6,38,53,56,90,85,31,34,88,36,86,27,43,20,45,83,86,31,72,27,66,66,84,24,57,7,10,43,4,30,56,62,71,52,56,95,17,84,59,55,13,94,52,98,93
27,49,11,50,77,87,16,84,52,62,79,8,55,26,7,54,43,54,11,6,88,76,85,88,38,40,28,22,87,100,7,52,56,61,55,35,47,52,94,70,85,62,80,64,71,65,91,35,74,51,13,5,68,34,25,85,0,22,64,25,4,66,29,20,69,81,17,20,83,45,72,91,53,93,60,93,81,1,37,50,83,43,25,69,54,41,83,13,40,18,63,9,94,36,94,52,71,71,81,70,68,12,89,28,80,77,2,42,45,25,8,47,22,7,89,7,100,28,93,19,73,55,69,12,98,85,82,90,11,82,59,63,7,14,60,13,30,14,19,50,27,24,70,14,44,94,70,75,58,18,57,73,99,75,25,87,38,89,63,11,55,54,39,45,15,74,13,15,83,77,68,83,2,63,43,82,68,60,14,82,2,82,100,63,56,99,92,95,93,54,55,15,69,65,81,1,73,43,8,35
32,2,23,10,87,96,63,30,52,20,32,81,34,1,17,85,92,84,5,57,12,15,67,64,96,51,35,60,56,62,14,9,37,70,33,10,98,84,76,75,92,80,3,57,83,100,32,46,84,77,41,13,57,27,69,96,62,0,81,13,88,8,68,38,84,86,22,31,25,26,21,99,34,54,5,60,26,53,16,85,99,78,26,97,74,60,58,62,56,91,78,72,31,76,58,11,59,70,23,20,54,10,74,47,18,23,19,78,6,43,1,12,65,10,52,41,98,7,93,1,55,7,31,76,49,14,65,23,48,88,35,74,97,46,69,88,52,33,39,89,44,92,92,55,46,82,1,61,18,94,68,81,44,13,64,58,7,37,64,13,92,53,32,3,49,9,51,72,60,18,3,12,75,18,87,84,27,14,35,89,90,83,3,12,4,22,79,66,83,23,26,23,61,3,29,33,62,45,93,69
71,39,32,14,58,88,9,9,68,33,81,52,72,62,19,69,38,84,48,39,92,78,83,39,75,35,13,96,75,45,90,51,61,96,97,9,68,91,12,47,27,70,61,87,75,63,46,85,82,19,45,23,94,100,56,18,62,23,0,62,76,29,55,86,61,63,7,40,71,7,49,53,98,25,96,70,44,28,67,73,47,71,34,39,18,46,84,97,66,30,52,7,36,7,94,35,81,45,57,22,30,91,6,73,92,69,85,38,63,64,7,85,83,7,30,98,45,21,80,82,87,56,7,76,74,42,40,73,83,8,76,86,88,29,33,97,6,31,68,2,23,24,25,79,27,66,53,13,70,69,57,19,89,46,52,36,81,42,28,64,14,24,100,61,16,62,17,99,32,48,95,60,10,32,9,74,8,50,69,32,83,32,36,78,36,65,49,4,99,13,24,10,38,8,63,18,71,68,13,57
77,96,95,77,92,95,62,73,56,61,94,64,23,61,69,42,29,4,39,62,20,5,97,51,94,84,14,11,70,68,59,73,23,42,28,34,77,59,69,64,67,32,62,51,30,23,55,34,15,11,45,61,30,62,4,81,67,100,82,0,3,71,95,44,82,2,78,83,30,100,79,85,58,54,49,13,56,33,56,50,23,28,23,94,65,31,5,17,54,45,59,87,25,84,31,18,37,39,73,6,40,90,24,29,26,80,43,79,2,49,16,69,26,38,48,32,46,54,24,35,71,93,6,51,50,68,81,15,73,66,89,15,66,95,81,27,75,8,9,26,97,18,31,33,40,11,57,83,61,43,51,52,81,33,15,8,15,86,48,53,32,72,78,39,55,27,47,98,91,99,63,58,80,54,73,41,67,57,14,92,68,43,45,61,92,29,56,26,27,92,22,20,25,18,7,30,52,15,96,61
92,26,6,38,79,42,33,25,40,64,79,58,86,93,96,99,89,28,98,78,65,23,30,72,33,60,93,27,85,83,28,78,66,100,62,57,22,6,78,83,21,64,71,17,91,13,89,18,27,82,43,36,62,64,60,99,62,5,67,86,0,69,46,54,65,90,39,26,4,2,48,52,50,93,89,7,66,51,10,10,21,60,80,96,96,45,59,8,50,94,77,99,44,100,89,38,23,74,61,62,41,63,26,34,92,72,48,89,57,57,94,7,76,33,3,28,81,47,26,41,94,5,43,67,73,79,83,22,95,66,86,77,92,98,12,1,47,45,15,50,34,61,75,86,59,87,69,87,86,68,32,12,19,84,59,34,12,65,96,12,18,55,22,13,48,84,90,89,27,92,6,84,12,42,44,75,78,86,29,20,49,85,87,100,79,33,8,25,64,95,91,88,35,40,47,13,89,45,21,99
2,78,27,89,2,64,12,59,25,88,20,12,100,89,67,47,96,19,14,49,60,9,69,5,54,28,41,36,100,26,71,99,41,78,30,26,97,27,68,8,19,35,23,64,63,25,59,22,3,93,67,3,70,88,48,76,30,69,67,92,4,0,70,69,17,89,69,4,96,37,18,42,69,64,54,25,55,25,45,1,55,86,72,6,32,9,58,35,57,31,10,71,71,39,63,97,18,54,43,8,53,34,62,99,68,25,50,12,66,84,46,8,60,12,84,4,66,82,96,69,47,85,97,16,25,83,16,3,35,51,16,45,42,39,36,14,41,56,74,14,28,48,35,24,65,32,2,66,89,78,81,57,92,22,7,77,22,89,5,90,7,69,50,32,14,45,10,1,54,42,36,29,35,83,77,52,29,39,14,41,83,47,56,37,28,92,39,83,80,87,6,72,74,48,40,91,61,23,48,9
11,66,88,60,48,19,48,32,32,86,69,89,86,73,54,13,85,85,40,32,59,66,84,99,15,45,7,35,21,75,83,17,65,65,34,37,21,22,38,19,61,87,71,48,13,15,85,47,5,14,95,90,33,98,15,59,63,32,70,72,32,25,0,92,87,94,57,56,49,18,26,6,28,4,56,34,52,67,75,28,70,77,43,52,83,54,54,85,94,89,97,57,13,75,69,87,92,55,19,69,13,77,58,89,49,7,92,90,92,3,73,61,2,59,62,44,44,37,77,77,81,30,7,95,59,64,69,10,78,57,19,21,48,69,100,96,4,6,44,68,18,77,5,92,13,6,95,23,39,81,87,25,3,90,17,23,42,8,64,76,48,59,45,74,49,12,81,50,79,60,17,67,37,63,54,20,74,75,34,58,92,27,30,78,93,51,33,70,81,86,45,31,13,84,4,31,59,96,99,28
32,50,54,91,50,93,94,34,69,93,64,59,82,16,49,76,62,28,80,41,76,38,82,63,49,9,14,5,62,87,67,18,52,55,92,6,60,65,77,7,43,55,2,58,28,30,32,62,59,100,11,4,84,2,12,30,83,4,65,50,72,8,54,0,21,86,74,97,72,22,14,64,75,81,78,52,1,17,67,66,67,11,15,36,59,79,92,95,34,16,47,66,16,83,94,19,97,62,26,51,76,47,25,39,64,94,100,100,43,43,40,7,7,68,17,98,98,74,80,15,67,61,94,41,16,22,66,40,77,13,63,77,74,56,81,68,11,82,69,68,63,13,27,49,33,1,87,22,72,95,83,73,82,100,20,96,90,49,16,65,38,14,47,87,14,40,93,75,80,95,85,81,90,24,54,46,36,65,62,17,5,87,34,100,30,79,44,38,2,73,17,23,65,84,97,64,5,6,96,68
14,43,89,53,60,95,66,16,79,41,31,12,18,1,2,53,32,29,98,37,19,19,17,47,90,80,64,94,77,67,17,92,30,26,12,25,69,1,43,36,64,15,89,10,7,18,1,21,13,47,31,49,86,83,51,28,17,19,24,87,25,8,5,32,0,92,16,80,34,21,68,70,48,25,74,28,87,91,66,3,37,31,24,46,83,34,71,26,16,17,8,78,61,68,57,52,8,70,23,97,91,42,14,31,39,54,50,63,45,8,49,35,62,90,72,12,53,43,35,20,89,47,71,49,70,67,24,38,2,98,34,54,9,76,12,11,43,86,55,41,63,16,15,82,17,7,70,78,43,74,78,90,8,42,42,89,77,40,24,46,88,29,98,29,27,3,76,43,40,60,82,62,11,3,8,50,98,5,38,82,88,34,61,28,85,86,36,64,90,16,27,48,3,49,51,3,64,67,52,50
76,96,77,74,70,35,91,93,85,24,32,24,86,94,75,94,13,21,62,13,62,1,31,88,60,45,42,33,84,78,97,35,67,18,25,96,64,65,76,81,85,29,14,29,86,31,19,59,40,87,79,76,68,87,17,20,70,16,83,9,48,94,98,68,80,0,23,3,50,83,61,48,86,34,87,26,2,31,42,15,13,45,83,31,26,24,64,17,100,12,51,98,31,37,51,47,60,31,85,52,13,9,46,80,80,49,75,50,97,8,62,44,83,21,15,7,100,93,67,46,6,71,82,36,52,17,88,23,2,88,21,98,57,24,83,28,33,61,74,28,90,20,48,50,66,81,84,46,52,7,52,5,81,41,37,43,3,55,62,55,1,40,23,1,19,45,79,73,26,80,39,48,11,100,17,73,21,68,39,80,78,88,76,66,69,55,41,13,74,98,66,93,48,51,6,80,35,96,71,11
92,85,23,16,95,80,66,39,48,12,9,98,90,52,100,37,72,98,27,63,60,57,10,82,27,91,38,62,99,40,28,35,29,28,73,35,15,38,78,56,8,47,15,36,26,78,42,19,76,14,41,24,27,45,49,28,80,80,46,83,23,100,54,24,42,99,0,1,50,3,36,80,11,18,19,76,88,60,53,28,19,44,76,91,86,58,90,80,93,84,18,87,23,59,40,78,86,93,85,77,72,35,90,89,57,15,16,18,50,99,97,44,21,93,32,48,96,43,81,36,14,55,52,20,53,74,11,92,94,57,28,1,40,47,23,2,77,65,25,97,33,26,89,35,41,57,26,89,10,33,73,78,63,70,27,97,70,7,12,48,70,56,89,1,1,98,30,82,53,60,17,41,85,3,69,84,55,31,48,99,38,90,63,88,98,100,76,85,40,59,37,47,65,38,67,17,31,45,15,56
63,72,78,19,38,78,87,70,69,9,89,90,25,9,14,95,71,4,8,82,47,56,83,54,30,52,40,41,4,34,23,80,60,88,36,56,33,16,16,65,94,71,50,87,51,7,99,38,45,37,22,41,82,2,18,81,75,12,38,86,52,36,67,61,22,61,28,0,47,19,80,80,69,63,10,85,76,31,52,65,9,100,27,90,94,58,23,97,26,6,25,68,25,18,98,51,76,34,93,24,53,88,57,59,18,29,83,17,84,40,41,36,37,79,69,27,91,75,52,34,19,79,100,19,33,10,97,58,64,54,99,92,16,66,64,3,14,41,80,10,55,7,5,49,1,67,14,9,84,92,96,27,51,68,76,100,68,100,34,34,89,1,82,23,37,14,65,5,19,90,62,15,90,43,56,44,5,87,27,76,6,15,17,29,27,42,45,63,93,78,76,11,80,93,85,5,7,79,59,58
26,31,78,54,4,7,90,22,30,6,33,39,77,91,56,48,3,86,69,94,86,76,15,1,4,4,99,18,94,89,81,16,19,29,6,88,95,86,35,87,44,27,30,89,91,35,56,97,41,42,66,77,8,77,84,89,38,100,75,71,84,49,94,50,57,79,94,99,0,33,35,80,34,38,14,43,1,29,45,8,44,48,77,29,62,4,41,17,66,16,23,25,16,23,20,67,90,46,56,41,22,52,77,8,55,100,12,60,73,8,22,24,22,90,56,55,11,42,61,81,90,13,34,94,64,60,39,47,36,32,24,3,8,19,25,43,61,32,98,6,32,71,60,86,6,52,10,84,85,89,86,96,82,14,76,17,7,25,21,81,37,8,88,82,90,84,81,61,33,77,61,6,23,6,47,63,35,99,80,7,100,37,74,31,45,78,61,31,32,53,84,82,98,51,13,19,64,90,63,41
67,7,1,46,70,75,95,20,12,17,1,89,16,68,61,23,97,18,33,13,90,10,36,26,82,16,30,59,48,7,97,40,70,52,13,79,86,11,24,59,69,55,52,47,15,90,1,79,58,35,43,61,29,50,48,16,23,2,36,55,82,56,45,85,83,19,86,68,12,0,1,96,92,31,16,52,72,96,86,94,11,78,42,40,92,95,100,53,52,34,65,38,43,87,39,67,76,1,52,79,42,41,38,12,96,68,58,40,73,72,43,39,58,26,44,63,40,20,93,88,76,85,42,100,75,28,57,62,54,54,69,98,27,89,25,39,71,100,68,44,35,19,28,84,15,93,6,12,99,59,80,29,17,98,56,73,76,94,82,38,60,65,83,12,28,8,12,54,51,24,45,79,39,9,91,81,42,96,55,50,5,79,39,95,61,42,57,100,14,14,82,80,86,6,91,4,86,44,16,19
86,14,16,58,68,73,22,10,19,39,48,90,53,52,17,37,95,60,58,43,100,99,49,52,85,18,96,61,88,52,47,97,31,94,66,18,9,37,78,58,28,2,97,2,10,1,19,89,30,54,47,23,11,42,86,44,77,72,38,54,37,90,55,44,30,84,35,66,67,59,0,11,13,2,72,7,97,42,62,81,77,9,75,93,91,69,46,50,62,99,44,36,17,27,69,75,61,85,15,70,7,21,65,49,95,23,73,4,74,30,58,37,84,74,60,93,23,29,49,77,100,79,15,70,47,58,61,59,38,84,5,12,20,8,4,24,2,33,73,97,8,71,68,73,28,28,36,31,34,62,32,48,64,46,46,62,15,33,51,17,6,83,39,3,19,60,53,20,26,63,10,51,86,49,70,1,77,97,85,24,91,91,8,53,4,13,79,16,12,18,43,57,68,43,20,35,79,85,79,58
12,68,93,13,59,80,60,5,58,41,32,63,58,51,14,1,95,80,71,83,1,9,49,60,17,57,28,48,91,31,74,52,35,87,47,80,25,87,33,58,76,87,63,75,42,90,73,49,4,80,15,80,59,66,31,34,82,85,55,25,49,15,54,72,65,63,95,64,70,20,70,0,57,66,45,18,74,80,55,3,57,100,87,50,70,82,90,11,68,22,89,66,67,86,72,61,70,46,83,9,65,37,8,55,24,32,52,51,65,66,27,43,3,1,97,10,95,38,98,28,15,62,34,3,9,71,56,62,43,38,58,67,29,94,97,76,95,48,53,43,71,57,91,36,34,35,17,93,27,71,25,16,62,45,30,56,78,90,27,85,41,12,24,14,16,64,12,95,55,81,81,2,5,34,31,31,9,60,69,32,27,31,95,78,6,92,81,96,19,28,26,24,48,73,41,8,47,17,91,100
15,59,39,20,28,45,75,63,57,48,87,73,2,68,87,73,2,15,79,1,23,71,52,73,95,63,55,77,39,50,44,76,60,42,97,32,57,78,86,16,61,88,15,87,57,11,27,63,73,24,40,5,66,71,19,56,8,47,58,4,60,62,60,59,57,92,89,31,88,62,24,93,0,62,25,28,51,67,95,57,14,44,76,10,59,58,78,43,56,14,56,95,97,39,31,51,23,37,14,76,1,78,70,83,46,64,81,61,68,56,98,75,65,13,74,98,5,19,90,74,31,40,89,76,50,76,89,54,36,26,9,80,68,53,99,36,23,87,82,34,78,58,28,73,7,42,11,76,77,93,19,29,66,58,1,36,45,60,89,62,33,42,39,65,22,56,23,96,11,13,93,4,81,25,31,13,35,48,80,92,48,99,35,76,41,92,68,3,72,2,21,45,93,68,31,31,98,99,6,36
3,62,87,40,62,87,45,86,73,24,7,77,48,45,24,58,52,64,52,90,9,3,7,33,56,42,51,46,54,22,15,79,52,54,16,90,18,60,36,14,94,91,6,93,1,13,31,50,24,51,53,17,33,16,67,18,34,92,90,50,20,74,93,11,82,51,25,85,57,70,48,68,2,0,28,84,12,15,70,67,63,100,67,25,70,46,96,34,58,58,69,41,21,36,70,50,99,72,68,61,95,74,2,95,87,33,27,73,65,88,91,42,26,54,50,28,69,10,94,55,16,99,70,53,60,92,75,29,33,15,72,65,42,19,45,9,22,18,92,60,27,6,97,46,36,49,90,2,53,55,68,81,33,91,31,39,81,71,66,63,31,97,70,76,75,93,65,58,43,73,8,56,90,94,94,48,83,63,14,81,92,6,82,53,89,31,12,4,9,63,31,73,41,20,89,53,81,72,79,51
15,89,96,60,30,41,53,13,41,83,4,47,70,27,90,9,49,85,41,59,93,19,35,86,30,40,30,31,9,42,32,98,73,79,4,2,35,10,36,87,86,7,10,38,40,76,30,96,25,60,73,62,82,40,71,83,70,61,82,31,32,95,39,15,53,5,70,31,49,100,77,65,10,73,0,36,31,21,23,75,86,44,44,82,96,75,10,8,50,9,47,32,36,90,46,1,88,42,35,72,82,82,92,35,4,36,88,75,79,34,71,49,15,4,20,12,82,31,62,57,77,64,60,97,64,45,53,33,87,42,97,87,61,44,23,88,84,47,74,4,21,15,38,29,11,75,22,48,23,72,71,70,42,21,60,19,43,25,46,14,75,59,52,23,20,48,76,36,19,35,97,32,93,32,50,8,90,15,88,7,37,27,86,79,44,16,68,19,7,20,4,41,85,72,67,88,41,38,11,58
34,14,100,57,38,57,83,63,41,12,18,75,74,6,63,77,97,45,77,55,22,3,46,15,2,58,1,96,31,44,35,76,49,4,45,6,71,57,36,92,86,14,55,94,85,74,21,21,62,81,92,44,26,31,30,62,69,58,7,45,19,28,41,61,85,49,11,19,80,8,50,46,46,74,22,0,12,22,97,80,37,18,88,47,95,95,69,29,79,81,63,79,49,40,84,3,81,77,84,15,76,30,73,2,58,59,91,31,93,69,41,83,6,41,76,73,88,97,22,40,17,8,65,33,93,8,93,100,34,23,12,75,5,53,27,58,55,29,46,79,51,77,79,3,39,11,59,95,29,2,13,18,56,68,99,73,36,89,90,9,33,58,37,37,45,66,44,46,64,49,61,72,95,44,79,32,71,24,84,86,79,63,91,72,65,5,45,14,52,89,3,3,95,29,23,30,5,28,63,88
64,45,21,85,88,18,16,67,8,6,51,66,47,69,3,36,12,86,72,39,94,79,21,57,87,71,97,15,68,35,58,68,37,35,56,48,71,85,19,78,29,85,28,41,58,27,100,20,95,17,37,24,59,65,83,61,53,75,17,40,91,13,65,85,24,86,23,100,79,40,82,13,14,39,22,31,0,87,46,41,65,65,46,83,97,19,45,77,82,70,7,82,49,55,76,78,65,53,26,100,2,64,71,74,24,53,20,3,99,24,53,89,12,79,59,90,6,22,33,20,18,69,35,82,65,21,87,45,66,43,86,83,63,37,51,34,15,6,22,44,3,50,25,87,11,60,3,66,24,94,27,92,42,90,1,12,16,97,18,71,69,96,9,79,49,63,35,89,33,43,61,43,2,15,77,72,86,98,19,16,61,97,45,22,38,30,25,44,66,84,96,46,49,9,40,14,45,26,38,79
75,78,92,9,80,36,74,18,89,87,3,90,4,43,14,3,72,4,55,5,39,16,29,37,66,48,77,56,25,72,82,11,46,58,11,41,11,14,16,83,21,49,83,61,46,43,28,84,26,94,13,15,56,22,19,14,12,91,63,80,75,11,72,21,37,41,30,60,39,26,17,19,3,90,21,70,26,0,32,37,82,13,10,6,48,36,67,42,17,25,73,13,89,30,23,67,53,49,10,21,98,14,54,67,32,11,76,42,34,70,49,88,99,88,47,7,49,8,77,68,16,100,41,91,74,73,11,14,65,62,21,35,40,44,28,74,13,72,8,94,36,60,31,92,50,92,68,98,24,29,88,16,77,76,61,82,36,29,79,15,56,78,62,88,70,71,26,56,42,16,63,42,77,66,20,69,50,38,65,64,29,49,8,73,96,75,7,22,45,21,73,1,62,30,77,65,78,53,44,100
38,17,96,72,100,32,14,64,22,72,38,97,54,98,37,77,26,41,9,46,100,35,4,22,96,93,57,94,37,53,63,16,74,16,58,46,88,20,23,97,64,13,87,27,66,60,48,23,23,96,81,3,52,38,32,35,51,48,28,38,91,64,36,11,6,7,98,38,88,99,84,44,74,73,7,7,91,60,0,57,4,23,86,71,94,8,34,60,20,4,41,20,40,45,50,37,44,93,24,53,23,8,63,19,42,85,99,24,72,53,86,5,27,98,63,74,92,16,42,9,80,9,30,3,94,11,61,49,92,58,2,14,93,12,55,22,34,37,74,1,52,54,40,2,12,92,71,88,91,53,89,92,70,25,34,67,33,70,4,62,16,13,10,100,31,78,10,31,86,43,58,65,3,54,65,86,27,24,68,81,11,31,20,6,62,20,22,42,63,71,84,57,61,11,3,96,62,9,47,3
62,75,55,34,97,70,63,38,60,44,49,61,29,79,74,15,11,15,81,5,21,47,26,35,1,11,91,95,40,29,63,1,19,90,35,60,88,42,5,65,84,45,46,37,84,4,52,39,35,49,40,4,11,47,93,10,48,1,11,6,13,13,5,72,10,17,46,34,23,59,95,81,63,20,16,23,26,1,66,0,16,48,67,83,52,45,90,57,40,44,32,33,23,10,78,92,52,10,22,28,87,37,62,27,90,72,1,32,34,38,77,12,7,40,89,37,54,24,3,76,49,63,14,38,50,23,75,12,69,64,88,50,76,33,93,22,88,80,63,48,8,85,31,5,42,12,82,31,6,20,45,27,49,100,19,90,23,19,8,22,82,56,55,59,29,5,6,68,100,24,76,29,49,36,65,65,87,76,74,65,35,46,82,82,43,78,3,94,88,18,48,52,38,96,1,40,3,50,87,42
10,14,58,52,49,15,19,57,42,33,19,90,8,81,35,37,55,30,30,98,64,11,54,78,31,17,17,28,92,73,65,42,86,26,91,90,91,72,56,24,4,59,60,68,67,88,11,51,31,7,91,63,96,65,13,67,64,41,10,24,46,60,18,4,31,22,88,73,22,100,62,59,3,50,27,42,45,44,60,91,0,11,44,12,95,62,24,45,69,97,90,59,71,69,73,64,1,19,35,8,2,72,82,50,59,49,29,89,100,38,59,21,43,5,23,57,25,87,1,34,34,4,86,22,13,77,57,1,61,76,33,63,22,31,78,2,67,63,64,80,32,13,15,2,32,20,57,55,68,30,51,68,90,15,63,85,76,26,79,33,58,32,89,66,97,36,30,20,65,14,72,67,38,86,23,26,88,81,29,69,45,64,24,62,41,31,61,23,11,31,53,99,59,25,42,63,46,37,89,20
88,70,64,70,39,83,29,8,46,60,34,2,25,22,14,89,61,12,61,57,69,64,44,67,3,88,39,42,31,13,87,15,12,86,14,26,70,21,85,42,59,72,62,48,49,49,77,64,72,40,44,69,5,35,44,6,34,84,52,61,89,42,15,15,98,17,87,94,12,45,2,44,77,36,50,36,68,98,23,23,94,0,37,49,88,43,95,4,34,97,47,77,61,33,32,55,70,92,77,2,86,29,16,23,4,21,17,28,84,83,36,92,29,74,24,5,54,22,15,17,70,73,19,89,18,69,85,55,15,91,51,46,87,77,45,3,7,41,68,83,10,97,33,41,2,67,35,83,62,30,43,58,26,97,4,18,12,51,6,33,14,18,77,95,33,40,81,36,14,22,25,78,87,79,61,17,75,49,98,16,70,72,54,53,46,93,8,25,87,66,89,59,45,5,42,90,70,7,21,55
89,74,88,12,58,78,25,7,13,16,52,96,27,84,1,69,67,79,53,57,50,3,3,22,71,73,88,52,100,98,79,71,17,4,71,1,68,3,1,67,3,45,70,27,86,74,99,13,58,13,86,36,6,51,78,22,29,61,50,20,75,76,95,98,11,16,17,76,77,59,9,33,31,18,7,86,73,12,95,35,100,41,0,12,16,21,69,10,7,73,27,44,50,42,76,40,23,43,27,6,17,46,49,80,82,86,29,11,59,74,28,4,92,100,6,52,68,52,33,98,81,28,38,27,17,41,73,6,27,87,95,55,66,29,43,56,39,43,36,93,20,43,22,51,69,55,26,48,80,6,24,23,3,32,23,36,82,26,86,81,58,96,83,38,46,99,26,2,94,22,30,75,69,14,38,12,12,93,52,25,66,73,94,50,100,47,44,38,95,71,19,90,74,27,16,68,73,67,99,98
80,10,22,68,61,30,57,50,86,62,41,9,77,1,20,19,60,60,74,83,33,61,21,47,82,51,58,12,81,72,53,44,51,8,67,17,34,76,85,31,54,77,64,23,92,69,100,19,85,95,50,60,54,9,74,88,60,91,50,91,6,69,65,88,100,19,99,20,87,57,54,72,15,47,87,44,30,34,35,50,29,54,10,0,89,83,25,87,27,3,87,57,86,70,46,6,26,43,89,27,66,65,95,57,10,55,58,68,48,8,100,44,67,50,99,77,10,13,84,35,33,42,37,46,33,91,25,80,93,57,25,88,63,77,20,12,24,28,33,55,34,61,60,1,23,1,35,97,99,62,43,42,91,1,90,39,93,39,84,5,46,19,65,91,55,36,26,47,50,60,33,5,29,6,24,44,60,88,9,76,43,62,43,69,85,98,93,55,10,14,23,70,74,58,39,93,87,12,48,17
26,4,69,69,8,9,18,47,98,99,4,18,97,5,17,20,48,29,42,30,26,2,48,32,51,90,85,17,54,89,62,61,89,38,96,55,58,63,53,87,93,46,79,31,60,62,35,82,1,86,14,70,88,29,15,96,10,28,56,47,98,55,57,76,58,30,100,86,2,96,75,71,85,9,37,57,46,97,19,42,51,96,57,87,0,26,9,92,13,74,25,36,12,64,55,92,44,39,83,33,4,56,22,64,83,21,36,17,4,19,48,82,21,47,86,53,19,75,79,57,73,78,54,16,42,82,66,28,80,1,88,90,9,15,64,72,50,90,88,52,38,11,87,49,32,72,66,14,100,92,53,18,97,87,5,88,86,94,16,82,45,7,82,74,1,72,95,48,55,6,42,80,30,29,19,81,18,43,14,90,97,39,87,17,68,43,36,10,22,81,98,70,85,22,27,23,48,49,73,36
38,89,78,44,13,71,37,6,44,93,30,85,40,63,12,75,79,4,82,33,88,15,8,68,50,10,82,30,24,73,36,7,93,22,17,16,28,3,95,48,47,47,53,39,29,2,52,87,80,73,4,24,57,2,85,33,70,74,5,65,15,29,80,19,63,25,73,69,19,30,90,90,75,21,85,32,17,1,50,82,9,64,93,78,92,0,56,72,67,78,84,79,45,49,81,99,85,54,17,9,78,45,67,4,46,98,53,87,99,49,32,46,46,6,22,54,88,6,84,85,73,51,75,93,60,6,89,95,95,94,13,43,15,42,52,68,5,7,100,38,75,49,34,54,61,6,43,97,3,27,51,93,19,70,51,38,92,65,90,22,5,38,24,60,18,38,61,61,84,56,85,5,31,67,15,40,91,2,46,93,81,43,35,70,27,87,57,91,1,91,69,25,70,15,37,58,92,75,95,15
10,94,49,33,27,89,55,46,66,63,73,97,91,79,53,91,67,69,76,4,1,89,72,3,87,82,27,89,97,38,95,83,91,52,11,34,11,65,36,95,96,100,43,5,45,91,77,96,57,73,61,55,85,16,27,22,9,34,29,30,31,30,64,59,86,37,50,90,67,26,73,50,54,58,84,88,56,51,94,1,34,44,94,40,66,86,0,31,51,4,6,15,28,92,75,3,33,38,48,84,76,44,10,80,24,23,38,62,8,36,11,17,53,70,50,38,54,6,78,72,93,30,46,93,55,35,23,51,16,65,74,24,31,31,3,57,54,93,82,30,93,51,87,81,35,57,62,12,20,31,63,71,31,52,41,32,7,94,29,64,8,77,37,40,95,75,95,20,75,50,1,74,56,36,30,93,56,37,36,21,51,17,5,70,61,5,77,86,7,70,97,33,94,1,92,47,91,62,20,37
9,44,20,1,50,89,61,2,55,56,51,94,36,19,5,29,30,32,2,56,83,65,6,56,47,54,30,97,76,86,81,28,92,38,8,67,55,16,22,25,97,89,13,3,75,22,52,73,66,26,18,50,2,40,13,67,23,12,49,2,79,83,88,15,90,49,78,31,43,100,83,76,4,22,16,89,62,39,21,7,45,92,3,100,91,43,23,0,30,67,2,17,90,65,81,90,19,8,44,24,1,41,15,61,29,12,77,82,73,16,60,2,20,98,36,30,6,86,55,38,94,27,65,28,56,80,72,55,99,40,31,15,62,44,83,10,45,7,22,47,61,23,12,10,27,4,80,3,50,22,98,11,16,65,99,52,81,55,24,100,84,21,33,94,2,49,76,79,99,53,74,53,47,67,59,32,45,74,65,57,4,68,73,55,26,7,35,2,41,52,80,78,5,76,58,79,28,32,60,9
41,97,71,32,51,20,54,81,62,33,12,29,12,6,91,25,45,15,75,44,33,68,64,38,41,7,83,27,55,4,35,19,94,6,38,46,59,54,19,30,73,1,36,45,7,53,29,8,83,14,41,36,56,88,95,48,4,27,97,49,78,80,20,53,37,19,6,25,26,39,43,41,48,5,74,74,71,37,61,30,50,85,27,14,28,84,47,12,0,44,92,83,43,31,40,74,29,66,16,42,27,78,23,79,25,29,53,1,73,43,72,35,59,46,8,20,93,59,2,72,28,56,75,75,18,88,76,99,67,95,11,87,51,87,10,10,47,44,32,64,19,67,49,52,99,77,16,98,25,47,67,43,58,79,24,77,93,78,64,28,71,67,88,95,47,67,67,74,56,29,90,6,29,17,32,1,26,31,73,53,79,72,34,60,95,46,35,9,50,16,4,8,14,96,62,10,50,97,16,73
57,17,62,41,47,88,40,24,21,86,74,60,23,36,3,95,45,58,26,27,49,100,62,59,59,6,60,47,97,39,1,79,70,16,73,92,18,58,79,73,11,56,24,91,38,55,30,13,73,2,86,18,33,10,96,24,24,97,89,36,65,76,79,7,68,8,33,76,46,44,41,9,51,24,87,6,13,59,61,14,46,25,55,87,85,6,94,65,99,0,26,45,34,90,11,24,67,94,6,89,60,27,41,33,85,59,94,16,96,51,47,100,98,48,96,41,23,34,10,42,76,29,39,17,42,43,73,15,26,80,67,91,12,86,75,77,12,90,2,69,53,51,28,43,70,44,92,66,52,84,55,47,31,28,27,71,72,83,93,1,37,66,55,43,88,8,72,57,51,56,82,2,89,99,48,78,44,2,99,53,12,14,6,8,29,19,20,73,84,44,91,92,63,89,81,84,13,53,7,54
63,78,42,78,70,49,1,66,62,72,5,50,71,9,78,48,75,24,60,11,93,26,95,46,72,20,100,48,77,83,46,32,45,52,54,11,26,88,63,14,91,54,65,6,100,42,39,8,34,5,98,78,89,52,100,64,32,18,79,95,36,75,55,98,39,64,94,91,2,45,57,57,83,58,10,24,16,76,42,4,94,69,86,5,18,28,87,72,100,14,0,33,10,63,81,11,79,25,99,79,82,10,36,41,82,28,13,44,16,8,19,68,31,97,58,85,10,87,29,25,30,26,90,3,74,6,65,7,63,70,83,41,50,3,68,72,71,1,89,82,35,80,7,56,12,53,56,20,49,70,24,62,65,11,9,89,36,78,73,51,5,96,32,68,2,29,23,54,71,88,79,8,25,66,5,51,38,53,50,42,11,88,97,29,67,55,95,85,86,38,84,34,97,30,63,57,81,59,3,3
78,18,25,31,94,3,44,91,77,99,64,16,33,7,44,92,27,21,34,55,14,37,35,1,100,71,76,43,90,22,93,53,62,74,60,76,91,21,84,7,67,34,37,10,84,88,66,27,44,71,30,95,94,37,82,55,70,21,16,8,66,4,17,47,25,19,39,58,89,41,56,95,22,69,40,38,24,20,27,96,4,83,55,42,40,34,58,75,63,59,93,0,7,53,44,78,4,43,59,90,63,33,6,71,73,46,50,68,68,24,37,75,83,28,47,4,48,84,55,77,29,40,70,23,94,86,81,52,90,99,38,37,63,21,13,51,93,45,82,45,68,67,72,74,23,32,12,53,69,42,53,98,37,78,19,13,20,22,70,92,39,23,93,60,84,41,43,37,47,54,12,78,76,56,80,3,100,49,41,3,77,14,35,85,80,13,8,40,7,19,15,31,95,31,76,40,66,88,96,87
85,55,61,3,72,10,93,50,98,93,67,47,17,15,39,40,45,95,70,14,69,35,58,81,59,57,25,9,51,66,99,86,59,18,9,87,63,77,97,80,5,51,7,7,5,48,85,55,23,19,87,8,79,92,37,89,62,18,28,97,66,37,57,88,84,85,76,16,14,74,27,92,18,11,41,24,76,94,67,93,16,7,63,82,89,27,63,78,7,87,84,77,0,28,65,76,70,38,40,1,92,93,84,21,2,46,100,55,89,44,40,95,28,15,44,38,3,85,2,60,100,27,92,45,43,39,10,56,64,23,57,20,46,81,18,51,89,97,5,93,70,44,91,30,14,66,53,13,92,70,51,31,38,8,4,97,9,29,76,84,25,21,60,17,73,66,18,44,76,99,63,41,75,34,34,7,34,73,3,54,18,47,86,1,67,37,79,45,17,35,58,89,41,71,15,54,67,54,25,13
70,86,42,91,80,89,71,44,34,50,40,44,86,40,60,50,47,97,93,89,4,13,7,5,97,1,3,44,13,9,96,32,72,10,9,13,45,14,96,39,27,3,56,40,84,94,9,99,77,98,99,41,54,57,72,70,46,41,75,12,19,97,21,66,5,18,25,54,38,13,18,4,87,80,60,28,88,94,59,75,21,72,57,79,71,31,2,3,8,97,40,17,11,0,41,33,77,12,57,88,44,30,33,95,48,86,3,96,9,63,18,40,80,31,48,83,66,44,75,96,95,30,57,64,10,3,29,100,68,88,66,66,82,45,9,78,73,91,35,91,28,70,97,3,44,89,98,79,71,6,89,49,60,83,99,97,52,51,30,74,38,27,64,65,49,10,11,35,39,38,22,81,36,82,1,67,78,46,36,21,37,5,49,19,83,72,15,74,73,24,14,66,72,50,17,30,24,94,99,32
28,64,92,97,96,89,82,9,49,20,7,62,36,82,33,87,49,95,78,78,60,10,87,34,42,28,69,22,30,44,21,8,47,53,17,90,69,10,89,65,87,42,82,52,40,60,46,46,24,26,93,96,30,19,10,10,23,10,82,96,97,66,22,78,59,79,69,3,79,19,67,27,92,100,63,36,74,5,94,28,67,8,43,87,42,38,100,39,61,54,38,97,42,84,0,42,87,9,56,24,1,32,8,69,51,8,71,36,44,35,31,97,49,9,14,10,15,18,21,85,33,53,14,10,92,4,58,63,13,70,64,67,65,56,13,51,7,42,62,27,29,97,98,9,54,65,99,19,21,64,46,69,30,50,92,27,85,38,70,65,3,84,71,70,91,72,10,4,84,11,97,99,9,58,32,60,80,72,94,17,90,63,44,64,19,21,42,98,56,43,33,90,9,78,71,72,38,98,62,61
40,79,10,47,49,44,18,51,65,70,5,44,96,95,84,24,85,1,40,70,5,59,8,9,10,9,61,15,73,61,74,62,82,23,13,55,30,18,73,56,98,29,91,62,37,41,22,16,76,94,99,8,8,12,29,6,91,74,70,28,84,58,25,44,46,47,88,8,92,60,32,59,67,32,19,52,25,11,91,76,20,47,54,80,69,66,42,24,46,15,97,79,71,96,62,0,50,50,24,39,12,88,31,97,71,92,14,90,38,95,11,96,4,91,13,94,94,66,68,47,33,42,6,74,23,63,41,28,29,39,65,95,67,58,73,66,50,64,23,81,37,1,46,90,45,21,77,40,40,24,50,42,78,40,62,59,95,43,72,64,54,19,93,12,87,49,7,76,33,38,56,58,69,95,83,75,47,99,15,39,15,34,17,1,69,48,87,36,4,95,4,81,49,66,69,66,51,31,37,73
84,41,97,69,54,45,64,20,92,87,78,79,82,33,88,52,1,13,91,39,57,16,80,89,53,56,6,87,2,55,69,51,67,10,15,90,58,38,28,68,1,66,7,9,88,97,33,73,75,7,17,82,87,90,58,49,21,3,65,16,41,58,79,2,100,91,83,55,44,14,43,5,45,59,41,46,64,100,98,29,48,59,47,8,27,27,86,68,11,91,18,3,32,19,66,65,0,38,16,34,70,70,5,41,63,15,64,37,71,87,63,100,86,41,5,62,11,49,94,58,38,42,32,3,34,22,26,52,11,45,85,19,68,99,96,25,45,38,95,49,78,72,70,36,100,66,67,82,25,17,79,57,73,38,6,74,28,25,49,45,81,2,43,3,80,99,19,21,6,46,13,47,54,41,39,90,14,55,38,70,19,74,54,33,21,75,11,93,2,3,87,52,44,75,83,11,68,93,39,35
1,79,39,23,94,22,78,100,53,12,43,7,75,50,85,18,85,19,4,90,82,21,9,1,40,24,44,44,86,66,84,81,20,82,42,92,50,46,11,15,89,7,12,50,94,70,33,29,18,93,94,17,46,78,47,99,9,12,54,57,65,76,65,30,15,83,40,35,85,18,86,36,25,67,65,61,56,13,54,27,47,93,32,1,3,35,26,25,38,61,44,89,51,18,93,86,72,0,11,59,6,53,85,87,40,42,31,95,83,32,6,81,24,81,22,72,26,41,66,87,72,26,74,55,40,52,13,19,95,9,59,40,27,19,44,4,2,83,11,67,14,92,78,29,73,90,17,74,11,99,8,46,70,92,4,37,89,36,22,9,30,19,35,63,8,63,61,64,50,6,17,9,88,3,99,71,88,30,8,40,68,46,4,92,30,55,87,52,57,58,67,16,26,27,80,87,17,54,99,12
98,42,42,33,6,39,26,7,71,29,35,23,71,79,66,65,43,56,62,9,9,25,26,1,88,36,41,50,42,17,49,62,2,87,2,58,90,82,39,25,18,9,60,15,62,83,30,27,96,93,55,90,69,40,46,59,73,93,81,43,81,100,89,99,27,5,35,42,22,67,8,51,18,61,15,44,55,25,88,62,65,91,72,78,12,68,91,40,2,36,25,98,45,58,97,62,60,62,0,35,12,42,44,77,6,36,75,54,13,81,96,45,62,49,42,35,26,39,38,72,23,73,28,80,53,36,36,54,80,68,96,6,80,91,17,18,50,63,54,44,55,25,79,36,97,77,26,22,44,17,83,74,91,20,54,23,53,22,100,75,39,97,87,98,3,37,100,100,6,92,57,11,33,9,68,100,47,70,34,65,13,83,62,67,5,79,7,65,54,69,75,84,54,32,49,27,7,64,27,43
87,22,86,33,13,50,89,69,3,51,51,63,98,85,93,9,2,55,78,55,34,84,98,89,29,61,60,65,68,95,87,67,82,68,35,30,12,22,29,89,49,65,66,100,24,91,35,94,94,44,83,18,56,86,97,71,97,77,71,54,8,25,75,14,20,49,8,47,49,73,3,19,39,99,32,89,16,32,6,66,20,51,64,49,57,100,22,37,99,34,28,84,99,16,93,37,97,35,85,0,82,57,53,45,27,85,22,28,51,19,42,8,89,73,72,18,32,36,85,23,84,39,71,57,86,53,60,29,31,93,97,30,11,10,88,99,50,99,28,74,74,41,57,30,40,82,2,18,4,38,27,38,91,64,77,80,84,24,35,74,30,72,90,8,72,98,42,93,34,9,74,68,40,4,97,89,24,57,65,89,17,68,1,92,86,51,16,3,9,99,94,82,72,81,60,50,13,100,45,18
1,95,39,4,80,68,86,74,58,91,77,80,87,35,12,16,51,23,64,35,37,68,19,11,97,40,33,15,10,31,30,28,55,52,68,54,76,59,90,71,63,87,94,93,33,38,77,23,64,51,98,16,88,16,1,25,47,84,57,97,84,59,42,25,77,70,31,84,54,83,74,35,86,11,56,90,24,84,13,58,22,74,64,82,78,15,26,65,90,82,5,36,12,73,17,27,49,65,67,24,0,95,38,16,40,52,10,50,41,97,43,15,72,57,70,51,83,32,27,93,90,28,47,20,95,54,86,50,89,68,92,17,53,51,60,49,76,7,56,44,84,72,20,45,44,63,46,7,12,34,93,2,50,28,48,11,67,94,55,24,53,56,81,32,53,55,68,75,46,76,18,3,53,42,24,79,93,72,55,63,56,8,44,56,43,18,88,1,54,52,61,95,79,10,39,69,80,39,94,57
75,83,52,15,81,13,51,61,54,97,57,23,31,68,47,67,9,90,84,90,91,86,5,19,52,6,18,99,52,22,60,70,1,11,60,60,77,57,45,42,71,67,25,38,85,78,16,45,84,9,61,50,41,40,93,17,67,85,53,24,83,41,59,3,66,55,57,45,88,78,7,62,50,3,78,77,25,79,11,26,9,96,8,44,77,62,2,86,58,71,91,55,77,58,63,83,72,17,72,13,72,0,30,11,50,35,47,2,80,94,92,21,74,49,45,69,79,8,79,23,23,31,4,8,66,53,64,24,16,3,36,55,7,56,47,89,22,81,79,48,55,47,31,29,69,9,45,38,65,58,75,100,43,10,26,55,100,21,41,68,22,24,61,61,69,16,65,41,9,89,4,93,22,13,42,2,46,99,51,51,82,69,90,47,6,61,45,86,18,11,43,98,44,1,13,22,14,27,12,10
53,52,38,83,24,52,58,60,40,5,76,47,24,96,36,63,54,88,27,5,87,33,90,67,63,93,36,17,55,61,56,38,93,5,51,51,68,59,89,42,46,30,71,15,14,72,71,16,90,14,44,68,72,19,70,7,77,24,95,22,78,36,23,63,27,44,53,45,85,30,30,73,36,17,50,6,10,44,54,62,50,80,26,90,5,56,24,7,32,97,94,80,2,20,10,38,45,55,70,27,22,97,0,72,56,22,51,79,6,27,48,20,19,66,18,7,70,44,58,58,91,32,33,93,96,22,52,84,25,43,57,28,15,26,10,35,44,26,63,95,98,52,66,36,65,41,85,56,22,22,13,52,13,55,43,25,65,81,56,29,10,43,92,33,72,74,94,93,97,97,67,100,10,31,99,19,84,74,61,16,70,42,79,22,85,34,98,39,75,74,44,15,91,60,28,40,46,87,77,35
39,12,93,34,32,89,40,35,95,44,50,57,43,30,27,35,68,100,85,32,31,52,76,31,61,49,30,45,78,68,29,22,49,25,38,50,3,57,96,23,94,13,63,20,95,53,35,10,83,34,86,21,40,87,66,70,9,65,74,63,68,67,28,81,9,33,88,49,10,48,4,39,7,21,25,75,60,91,81,92,92,12,96,40,79,74,67,22,4,73,84,19,46,27,86,79,58,56,7,20,2,95,75,0,42,54,40,97,27,53,23,9,9,41,81,62,22,75,50,35,100,24,3,50,21,6,21,58,21,75,17,63,98,19,75,52,19,82,33,68,48,76,12,99,90,11,67,83,27,65,100,86,57,92,78,36,92,35,14,7,26,6,34,38,60,17,57,71,91,91,85,31,45,35,80,98,73,5,87,99,35,56,17,16,72,17,26,40,8,33,79,58,72,56,12,32,82,46,50,6
53,53,79,22,86,85,40,37,91,83,45,22,75,76,51,14,13,73,53,82,82,66,68,53,29,74,85,90,14,51,77,66,40,68,97,51,58,70,72,62,13,43,80,46,70,90,70,47,78,93,100,1,45,2,52,88,60,33,41,78,71,74,99,68,43,10,68,24,5,72,51,81,100,98,74,4,17,87,59,38,97,26,88,46,56,39,84,79,77,10,45,63,59,53,50,50,57,1,86,18,51,40,48,40,0,32,80,2,72,49,87,94,73,36,72,51,96,16,23,82,93,19,66,23,46,57,43,40,87,55,66,43,37,99,12,5,43,79,75,80,66,28,87,33,52,59,69,41,8,77,39,88,61,49,92,67,46,90,98,37,91,98,66,77,64,88,70,16,7,7,81,23,19,94,25,89,81,31,85,31,100,5,36,40,7,95,13,77,28,44,12,60,15,35,12,83,17,35,4,17
33,77,17,83,99,70,56,17,18,52,28,93,25,46,75,10,69,72,21,67,59,86,78,85,54,84,27,43,93,87,15,87,77,99,77,47,59,17,73,39,4,74,66,32,49,30,44,46,85,36,44,14,64,11,31,21,86,75,86,53,78,18,11,69,19,15,94,10,75,46,10,9,16,73,52,26,25,61,94,80,38,84,60,95,95,91,2,66,11,79,1,26,27,70,3,34,20,78,3,84,4,92,15,63,84,0,56,47,74,85,92,95,42,38,86,19,49,68,58,22,86,73,5,29,7,43,40,39,38,47,69,89,68,67,75,44,53,93,77,33,99,57,29,38,98,77,47,80,82,13,54,15,97,12,41,76,32,61,80,100,98,50,65,11,12,7,60,34,8,83,91,81,24,83,45,54,27,17,70,85,34,89,30,5,73,45,23,83,29,32,53,53,13,31,64,61,53,51,64,58
17,97,88,37,13,67,55,35,74,16,65,70,43,58,87,74,16,3,63,18,69,94,54,38,43,38,18,74,43,41,25,53,95,80,60,67,33,41,84,13,31,53,26,50,26,61,7,33,71,75,46,90,43,98,29,71,11,68,99,69,50,33,20,99,81,61,18,67,20,91,92,52,97,8,33,92,71,92,49,24,71,79,81,58,85,45,45,34,86,19,25,52,16,39,57,18,60,13,38,21,96,18,2,45,86,98,0,84,77,12,8,67,68,17,63,39,40,52,68,67,31,88,41,8,58,90,99,20,78,90,70,30,48,83,18,45,1,4,21,50,8,14,83,55,37,41,67,27,86,81,5,37,42,40,49,93,46,47,72,92,29,37,75,83,38,46,72,96,49,8,95,45,13,18,55,35,99,26,79,42,77,4,7,65,2,14,23,24,95,83,77,68,70,11,1,54,51,82,25,89
49,87,60,83,46,29,11,6,9,7,100,10,10,66,2,95,81,35,79,63,43,51,72,46,80,3,77,13,4,11,88,12,17,15,19,99,70,87,63,77,48,86,57,75,80,43,60,33,51,16,17,51,63,87,8,35,94,92,76,81,49,83,10,17,28,59,76,31,31,53,8,92,68,62,96,45,81,60,18,98,49,45,87,58,90,55,23,85,98,70,76,63,64,72,75,42,26,7,89,69,90,63,77,52,18,47,76,0,27,30,7,61,12,36,4,7,28,26,13,77,88,73,95,42,85,1,58,28,82,96,85,71,93,96,97,24,16,9,54,88,57,14,22,26,30,17,34,59,54,20,73,11,33,57,70,94,42,29,40,65,19,55,99,16,38,76,43,63,25,16,59,29,67,59,87,17,52,4,73,85,34,100,17,45,11,94,74,58,11,34,8,52,91,5,17,83,26,24,59,14
30,37,81,43,29,83,94,30,52,60,53,25,82,71,73,24,79,36,89,24,58,67,29,34,98,80,54,41,47,24,42,63,24,78,73,33,80,44,59,7,88,23,11,71,87,26,63,65,86,54,85,22,42,54,71,82,10,37,4,83,11,61,17,45,85,66,41,36,56,11,84,60,93,74,82,46,25,70,88,75,38,100,41,44,69,21,59,91,6,81,10,29,40,12,55,91,87,45,72,95,80,79,49,19,72,92,89,56,0,53,77,28,85,66,31,25,9,62,21,50,68,89,22,19,59,12,96,90,41,9,91,20,88,49,15,95,4,34,30,11,28,59,88,67,19,27,2,68,25,77,69,15,23,4,13,90,16,74,37,39,88,51,12,44,51,83,41,56,87,96,99,72,3,64,72,40,64,9,80,20,94,14,72,41,52,85,94,9,53,87,74,70,9,23,28,68,46,91,6,60
36,9,39,27,45,96,8,98,58,21,13,7,28,92,86,12,82,68,30,21,94,29,37,93,44,23,50,29,96,38,56,75,26,78,28,80,43,45,39,24,74,54,82,45,30,5,8,1,12,40,36,38,78,34,45,21,35,25,84,28,50,66,6,72,2,43,49,87,16,27,24,17,6,43,55,32,29,67,44,92,37,46,74,63,45,39,31,25,83,60,98,94,37,50,90,84,35,36,16,76,78,37,67,19,90,8,18,48,56,0,22,87,65,91,43,61,88,60,57,20,95,13,37,84,76,28,66,30,92,92,7,28,77,20,16,39,9,68,68,2,4,51,61,69,41,6,16,23,89,97,41,12,65,66,52,31,93,24,16,51,77,57,24,16,39,76,64,7,90,14,87,69,85,24,90,42,48,49,27,20,100,68,46,71,78,29,60,2,81,14,94,91,55,53,12,77,45,70,83,75
39,21,86,50,16,43,64,82,15,18,34,5,73,95,9,11,94,65,57,23,3,69,49,24,15,27,60,91,64,21,29,8,61,62,78,88,9,100,63,68,76,86,3,42,86,84,45,90,86,27,47,55,20,2,82,52,90,15,56,15,39,85,13,8,36,27,49,18,71,98,84,26,23,65,40,68,5,91,31,1,91,74,26,88,73,54,47,34,16,87,50,57,82,18,43,2,65,97,100,41,61,74,78,100,60,1,59,55,90,38,0,47,24,11,85,10,48,81,92,98,99,90,39,50,80,22,65,7,50,69,70,97,34,36,79,30,90,22,66,89,26,65,97,63,71,2,19,39,1,85,33,3,38,69,86,80,43,60,51,30,24,16,92,36,98,30,38,72,4,5,49,33,75,17,84,54,34,47,87,21,20,36,76,21,18,23,83,7,32,46,23,83,93,100,20,80,6,34,93,83
59,93,73,40,96,79,14,52,61,49,36,32,8,3,1,100,37,58,84,75,60,77,14,95,32,42,31,60,10,85,46,41,93,76,31,45,54,75,92,16,22,19,99,80,76,14,31,22,60,32,2,48,10,12,2,32,71,55,6,1,43,16,45,33,76,16,47,98,89,14,34,42,96,88,13,16,27,95,74,67,58,86,57,25,5,84,1,4,49,92,22,60,11,24,4,59,63,47,33,92,65,71,14,84,40,30,27,21,91,88,43,0,18,88,72,85,24,10,22,93,96,20,7,77,77,54,94,78,86,88,93,100,46,54,78,95,85,39,1,7,2,57,65,48,87,66,23,51,44,53,61,42,12,29,24,48,30,77,76,21,43,61,12,36,95,55,83,46,66,55,80,38,83,85,49,76,41,33,100,80,18,3,23,42,85,70,57,20,30,4,62,37,61,2,23,28,81,2,46,17
96,62,62,22,79,54,45,10,75,56,32,30,93,14,77,83,63,13,42,30,56,33,94,32,18,65,28,97,58,18,21,17,30,94,4,93,98,22,90,23,51,1,26,5,31,43,44,29,100,91,47,27,52,55,29,27,59,64,81,66,62,25,27,59,53,13,31,3,21,54,8,17,40,71,23,18,12,29,99,23,85,48,78,26,47,48,4,91,35,15,86,49,12,88,25,46,92,95,15,79,11,58,75,44,7,38,20,99,18,3,73,99,0,24,31,45,83,5,77,38,87,6,10,89,43,65,46,90,38,6,63,20,18,70,2,27,66,45,90,91,39,21,10,76,17,28,93,71,28,38,79,48,46,97,89,43,26,64,12,91,99,22,23,79,38,95,44,53,8,82,13,98,12,91,71,30,55,31,77,36,32,45,45,70,25,60,17,39,37,57,49,99,40,98,90,57,64,2,20,55
55,41,23,70,57,72,37,16,76,21,46,34,37,49,41,1,59,81,23,31,25,98,26,33,55,27,45,13,85,48,4,91,95,68,84,85,58,76,50,32,13,7,13,66,88,88,15,95,1,67,49,52,70,36,74,17,4,38,66,78,21,71,14,29,29,8,60,14,88,70,97,34,70,4,48,28,96,47,17,5,81,32,24,91,3,16,14,17,54,59,86,29,49,30,36,3,77,93,82,25,75,20,23,54,56,18,74,31,62,63,58,94,99,0,86,39,2,31,93,74,100,10,38,55,6,19,98,57,30,48,91,60,81,66,31,15,57,64,43,21,28,8,4,90,65,28,48,39,61,42,57,33,43,100,68,72,7,41,26,36,57,75,98,68,93,1,46,70,34,11,9,98,49,85,4,58,89,16,4,27,74,63,35,30,81,23,4,13,66,67,80,66,54,57,21,88,53,54,94,89
28,97,52,67,19,32,6,13,68,47,25,79,24,6,37,5,28,54,88,5,11,97,7,79,29,60,34,1,94,1,5,55,68,77,27,58,80,18,56,94,95,14,23,89,6,74,100,76,40,53,32,35,81,10,11,70,78,34,96,99,16,12,20,59,100,9,2,27,38,89,23,58,18,89,79,29,72,36,9,42,31,77,93,97,44,38,97,41,38,86,63,35,15,75,48,88,83,26,31,66,90,69,35,97,54,88,78,27,29,64,97,9,53,17,0,60,49,38,64,24,77,26,89,78,18,73,35,68,97,21,3,10,44,46,44,31,16,93,4,43,57,24,87,59,30,29,5,9,76,47,18,58,14,46,77,53,65,85,72,14,72,95,55,67,14,82,62,61,41,46,5,86,61,42,55,83,18,34,14,82,21,32,49,43,20,45,92,43,76,64,36,66,58,62,58,16,79,9,58,15
6,1,89,63,28,32,63,5,18,8,26,93,34,38,63,10,4,32,3,60,2,15,71,42,4,99,31,92,95,93,100,51,13,37,9,28,87,22,60,85,70,37,43,64,60,100,45,20,79,89,60,85,16,74,52,12,35,38,96,3,8,92,8,52,73,47,36,50,2,27,46,95,13,1,3,16,57,19,29,41,95,27,20,54,6,4,69,82,100,51,26,46,73,13,91,42,7,13,2,9,37,71,86,53,89,70,48,77,15,50,52,52,42,38,85,0,76,47,99,43,83,16,46,84,31,35,22,59,2,23,30,1,82,80,45,38,42,62,61,11,100,33,7,93,93,23,43,12,29,78,57,68,23,39,41,9,51,13,23,100,60,69,51,27,60,41,37,19,17,60,64,36,2,42,83,91,59,81,59,22,78,43,77,20,3,75,97,31,60,54,49,38,76,27,48,64,11,7,16,32
66,41,15,18,89,51,81,78,86,89,77,63,78,82,86,32,77,52,74,35,5,43,46,83,17,83,93,7,5,47,87,81,21,7,10,61,44,15,14,75,36,90,52,9,59,15,48,30,66,98,15,7,93,77,53,57,70,76,24,9,51,99,62,15,12,13,2,40,29,43,44,85,20,61,99,82,1,45,58,26,24,35,6,25,100,6,69,96,33,23,51,57,73,40,67,56,96,37,31,68,76,2,84,47,45,9,62,13,94,38,70,2,53,84,23,20,0,62,4,63,47,86,49,31,96,82,8,52,6,33,12,39,74,62,37,4,84,99,86,1,72,58,7,83,90,73,86,23,59,75,35,87,11,14,16,86,85,76,32,54,59,44,60,99,49,73,87,60,73,63,14,5,46,37,90,59,19,17,44,10,81,40,88,37,52,17,77,88,79,56,31,40,72,91,49,23,5,41,46,77
48,39,39,14,35,64,47,80,25,44,68,65,6,67,22,39,23,14,97,26,92,12,95,85,21,94,78,65,57,42,61,88,73,13,97,2,89,58,98,17,87,66,5,25,10,87,35,21,20,50,3,71,28,65,82,79,52,44,82,58,22,30,62,97,53,51,75,100,79,33,63,60,23,61,85,32,69,80,27,95,19,22,12,90,18,21,53,43,37,75,14,76,26,93,96,89,57,4,43,91,80,81,17,34,8,51,51,91,71,27,65,47,41,4,26,30,68,0,37,38,95,12,4,38,47,27,50,55,71,43,87,31,40,96,52,25,99,67,47,38,76,25,5,30,1,49,64,4,87,64,20,31,76,2,37,36,6,19,42,53,13,24,17,48,83,65,81,31,97,43,54,65,17,4,70,75,89,59,52,64,60,83,27,88,44,90,24,53,72,63,92,64,54,46,27,14,9,48,69,36
15,86,62,44,77,68,85,2,66,54,97,69,95,49,36,24,25,90,80,36,56,70,94,98,55,94,90,49,60,46,60,58,89,54,99,27,27,94,7,19,22,64,79,77,73,36,38,98,44,66,96,57,96,94,22,34,8,42,89,80,2,34,99,99,53,87,58,85,46,85,68,87,22,25,63,55,59,11,36,65,35,72,56,87,92,71,71,43,8,97,14,83,33,13,32,96,86,30,62,94,59,43,86,6,42,87,55,62,75,54,66,80,68,87,100,30,28,1,0,68,13,63,80,96,4,78,52,35,33,79,96,58,3,7,48,6,75,36,73,78,51,22,77,38,26,9,48,80,82,74,36,50,1,90,40,32,51,1,15,74,21,60,74,82,98,69,61,86,6,81,1,25,68,50,96,84,36,73,67,39,32,44,15,83,61,46,25,26,39,13,36,51,81,14,36,35,33,22,40,62
91,51,17,61,24,66,28,85,7,77,19,94,30,24,96,33,22,28,100,34,15,23,11,96,75,85,10,82,17,42,43,30,5,20,54,98,88,59,55,94,73,64,7,17,1,82,32,41,98,43,99,88,95,62,25,12,4,80,17,55,59,24,82,91,11,32,16,10,85,16,31,26,47,92,13,59,7,6,61,56,59,88,1,99,15,63,60,18,30,36,47,29,3,15,82,71,3,37,24,73,38,97,15,31,20,50,1,99,75,97,100,14,93,19,12,50,10,9,14,0,2,3,78,7,38,22,85,3,71,7,33,40,88,93,11,91,99,85,54,66,47,94,89,45,11,66,2,29,16,39,92,9,71,5,53,81,57,60,7,94,7,66,26,7,15,72,52,8,59,67,36,33,22,81,35,84,56,91,4,48,72,84,95,9,39,83,30,72,35,52,39,46,53,73,67,24,18,86,47,72
28,7,89,91,4,59,54,48,31,58,65,22,54,8,81,52,37,71,31,55,49,62,97,74,99,5,59,32,47,22,78,43,4,60,36,12,54,12,83,37,63,70,7,74,89,51,98,62,23,81,77,38,28,61,44,99,73,57,37,73,78,83,81,20,22,39,51,49,29,33,27,81,61,45,70,14,72,54,70,44,17,47,86,67,60,11,81,64,6,98,59,28,35,53,88,60,8,41,95,15,32,55,33,73,80,36,35,90,64,96,57,79,79,95,12,33,60,79,50,72,0,82,53,2,62,31,88,77,95,94,64,92,64,91,53,4,99,56,100,70,36,2,58,48,74,68,32,20,7,73,90,64,23,87,69,84,83,94,79,26,16,99,55,77,90,73,28,50,94,94,5,5,84,68,99,77,2,54,70,80,99,40,10,62,96,73,77,44,73,67,33,13,37,15,9,6,36,48,21,35
20,91,67,28,69,39,55,19,19,56,57,41,18,92,63,81,8,19,13,73,27,9,39,50,57,11,71,12,87,30,88,15,51,12,45,26,40,64,24,28,67,34,95,8,6,65,46,74,10,95,57,53,76,77,33,49,76,65,61,32,13,89,93,42,68,82,38,28,94,24,38,63,44,65,89,26,21,66,2,37,24,53,21,25,12,19,68,30,13,95,18,41,73,55,89,16,58,86,21,79,62,25,24,37,15,70,26,30,56,6,7,13,83,39,35,37,32,25,92,65,66,0,18,39,50,62,60,21,85,23,80,63,36,90,1,67,99,95,88,13,52,14,54,65,81,82,25,27,47,15,6,56,22,90,23,85,100,15,81,36,90,27,99,23,97,2,47,43,47,22,54,14,53,10,67,33,97,45,35,19,27,71,22,60,50,45,16,73,6,59,74,21,72,4,19,22,74,72,25,58
98,95,92,66,13,13,47,17,34,68,84,17,33,61,1,50,18,12,11,87,61,55,73,35,28,49,8,92,25,88,5,39,79,49,76,4,44,29,36,88,40,16,63,8,60,51,36,87,87,81,1,24,74,77,74,45,68,29,64,12,85,84,84,46,44,4,3,13,82,56,78,72,53,98,13,73,2,2,19,64,77,24,96,68,43,56,98,4,60,10,57,43,82,24,83,5,100,46,11,79,11,68,47,60,82,80,12,3,44,42,31,37,70,100,54,71,88,56,93,24,62,46,0,23,3,6,82,64,3,56,71,39,18,89,4,91,81,1,14,28,42,80,44,96,11,84,61,14,76,44,84,40,69,80,1,73,70,39,23,75,76,45,41,1,82,3,3,42,18,98,14,31,33,93,21,87,96,10,50,46,39,75,15,56,17,11,99,17,16,9,24,72,18,58,98,12,51,20,37,21
34,6,70,14,86,58,31,11,94,89,61,85,65,12,77,5,50,12,86,82,34,54,76,57,35,26,75,72,5,22,62,51,32,89,63,43,76,45,100,27,31,22,72,66,22,78,98,33,79,75,44,20,74,68,66,3,23,19,76,75,33,68,14,39,46,41,77,1,70,8,76,43,44,75,46,93,88,53,22,48,7,39,44,20,20,27,95,10,83,79,40,31,29,60,60,40,4,100,18,29,69,59,41,50,49,99,70,12,80,60,15,90,17,6,90,47,61,9,21,55,77,24,6,0,84,1,21,91,40,83,1,26,6,58,65,31,33,14,15,1,18,49,27,89,50,20,25,54,52,64,76,41,79,4,6,44,9,70,31,87,55,64,41,33,53,71,24,57,60,82,9,47,62,82,79,95,100,8,87,92,4,72,92,41,26,51,9,51,53,56,72,70,56,77,42,38,57,9,26,92
27,92,95,3,77,38,50,100,48,69,55,40,72,52,34,2,75,46,90,71,44,56,38,63,15,65,79,96,26,58,56,28,79,18,83,25,66,97,22,88,35,41,18,7,76,97,73,47,20,2,10,86,52,9,2,90,86,75,88,19,70,71,44,84,94,83,47,39,64,96,73,23,19,46,76,93,54,52,99,87,71,80,58,88,88,46,38,71,44,68,50,35,71,43,5,90,38,22,31,53,68,64,9,81,96,65,21,65,28,68,3,67,41,9,8,40,31,66,78,68,33,87,35,54,0,53,63,71,27,69,25,83,55,80,46,25,13,50,31,73,96,9,96,19,9,70,2,23,2,38,28,66,64,68,27,76,97,26,43,51,65,87,2,35,64,71,64,33,14,20,11,95,96,6,58,39,71,72,32,35,18,37,88,58,13,79,40,39,27,11,80,20,5,89,60,26,82,37,67,2
74,61,56,85,17,35,14,86,28,79,94,7,62,65,91,65,63,100,22,18,78,68,43,20,64,16,91,1,39,77,95,42,81,74,85,48,11,70,82,96,84,45,36,71,56,65,33,49,26,7,82,9,52,58,33,75,31,10,44,67,42,97,71,99,30,76,5,71,100,66,70,35,79,71,22,13,41,35,24,18,84,94,7,51,31,54,24,9,32,41,57,93,63,99,74,71,21,24,100,40,84,42,88,62,80,71,14,19,95,49,6,88,42,29,43,62,38,57,14,20,19,19,41,48,5,0,3,12,77,70,40,79,100,84,87,66,64,75,74,79,25,3,4,14,25,97,83,61,92,94,34,9,37,50,7,44,15,95,77,8,62,20,68,94,68,28,83,83,1,25,75,80,79,22,57,35,54,96,32,33,64,34,54,23,79,17,89,78,32,9,38,98,86,83,90,54,85,60,68,97
41,86,74,88,27,6,31,25,30,18,58,82,68,43,34,30,86,81,78,6,64,12,40,5,95,52,82,97,91,100,87,80,47,74,2,59,51,69,90,78,98,39,63,72,70,14,87,10,10,4,7,53,57,5,78,33,37,86,81,73,67,63,21,72,17,82,9,71,54,76,72,26,13,10,32,72,85,84,58,1,24,19,47,9,9,91,63,62,26,91,30,5,44,57,55,54,17,36,78,1,38,64,48,20,93,79,36,15,72,53,56,38,82,61,87,89,98,11,10,27,92,69,12,56,5,54,0,9,35,69,53,8,39,48,40,49,29,60,7,96,89,26,98,94,72,49,7,81,29,57,69,91,74,8,6,3,32,6,12,13,61,79,53,89,33,40,32,63,38,17,16,42,57,37,33,5,52,100,40,5,66,45,25,67,60,43,97,6,92,19,16,13,77,4,48,48,35,27,55,80
70,40,72,98,24,79,30,57,42,9,19,39,7,78,94,59,67,42,14,24,17,33,91,51,46,72,29,35,88,34,10,67,85,45,86,83,14,39,9,100,48,20,92,28,3,26,66,92,47,71,85,17,41,88,34,52,78,7,31,73,10,63,89,89,94,65,87,76,71,26,19,90,63,91,51,54,3,14,64,46,73,54,37,43,49,85,68,53,6,25,19,94,75,54,63,18,24,86,3,59,62,10,40,86,30,86,85,56,69,15,24,23,58,16,38,96,26,14,4,38,79,97,74,7,87,32,53,0,67,60,84,88,57,71,75,3,40,90,42,38,40,73,26,3,96,40,67,62,99,24,38,96,63,38,11,21,36,52,94,23,58,55,56,9,100,3,20,8,8,98,38,79,89,20,93,4,49,11,73,57,97,91,23,53,79,32,86,52,39,39,52,31,81,53,22,26,64,87,95,32
19,57,26,81,78,45,27,91,19,76,55,67,99,50,94,19,83,8,87,77,39,61,61,66,44,75,29,57,55,16,75,74,19,82,15,37,87,10,61,24,100,24,7,42,7,44,24,36,54,1,94,94,67,82,33,94,31,85,2,23,88,39,5,72,61,64,20,15,47,49,60,31,94,35,34,71,46,38,46,97,48,4,80,53,6,53,65,9,87,63,21,33,77,3,30,38,48,78,69,6,48,85,47,48,12,67,84,60,10,49,89,7,3,66,61,68,6,5,56,88,94,10,36,90,49,52,26,52,0,50,70,91,23,64,46,66,15,21,86,17,62,82,44,27,88,78,93,78,100,26,12,58,33,88,92,7,15,22,44,81,93,97,13,45,33,49,81,90,30,67,34,52,53,86,43,62,61,62,67,62,38,72,39,37,44,61,90,62,83,28,1,27,32,46,23,89,40,16,27,8
62,35,64,73,37,35,83,34,25,9,95,57,62,81,97,39,26,77,4,94,24,69,71,27,80,27,94,30,57,93,22,44,40,28,32,56,86,63,8,62,98,54,73,7,88,17,29,46,27,91,57,30,25,23,82,41,24,68,17,2,35,67,57,64,9,52,82,72,68,37,69,24,43,4,20,69,49,14,61,2,61,76,58,74,26,14,77,18,33,7,29,2,66,17,47,93,46,41,9,94,57,88,88,13,40,53,81,58,49,14,23,73,47,47,13,35,43,40,37,85,100,32,50,50,96,71,69,81,23,0,79,36,99,69,19,22,78,96,16,34,59,99,59,61,11,39,12,45,73,33,97,6,92,8,96,24,54,1,8,72,41,8,56,35,37,45,26,51,74,45,60,22,36,60,52,42,91,57,64,45,99,92,4,33,79,17,96,81,46,87,82,59,1,45,44,27,8,4,20,74
34,21,47,66,93,25,84,35,88,82,84,52,22,78,76,6,57,64,63,98,24,53,14,35,23,63,42,53,42,22,20,69,29,97,21,94,18,69,63,34,52,71,90,98,57,27,31,20,87,42,56,64,83,2,34,87,83,63,5,28,25,98,42,30,47,77,46,82,86,54,32,22,80,44,85,84,64,9,4,84,4,36,43,34,52,91,46,65,46,8,61,80,29,72,12,63,77,54,75,99,12,22,66,84,30,27,39,94,44,29,57,6,17,50,4,3,90,27,71,21,27,14,4,50,39,16,71,10,67,82,0,100,12,75,11,87,87,6,70,9,46,65,75,16,16,55,13,83,83,65,84,88,66,24,53,23,32,44,65,33,61,68,24,37,51,48,78,20,4,75,33,31,100,28,18,95,37,79,20,45,47,28,50,83,70,82,78,39,83,60,7,79,97,94,87,17,56,60,57,50
7,8,18,14,43,76,87,35,66,56,24,51,6,72,17,48,40,20,49,84,63,98,76,35,66,18,63,35,13,34,88,11,47,92,46,25,16,31,68,45,94,64,88,10,33,25,34,96,79,72,84,53,24,2,87,94,23,88,68,7,18,87,8,82,100,19,76,68,72,6,57,64,83,81,66,13,25,47,69,33,94,78,73,61,73,80,26,16,47,18,94,75,41,11,41,35,37,23,21,17,56,6,94,27,58,81,42,67,32,65,27,67,62,15,45,35,16,57,65,18,100,86,20,8,35,88,27,2,82,22,60,0,71,48,89,80,77,78,84,43,43,27,67,40,51,99,77,27,89,68,66,20,74,22,24,50,63,91,16,37,93,97,90,80,25,61,15,13,93,58,95,4,11,90,72,19,27,37,55,12,35,93,91,35,13,53,75,84,25,43,29,81,19,89,50,18,40,63,76,62
68,26,82,52,9,48,56,65,77,11,76,36,9,7,47,97,35,6,25,20,84,52,44,94,13,21,49,53,70,96,44,44,26,69,49,58,88,8,33,21,34,49,44,19,92,30,32,26,82,51,40,72,83,71,14,80,51,77,4,29,48,43,42,41,91,70,63,92,36,45,70,69,60,18,60,63,35,92,61,13,88,11,88,90,92,45,70,99,35,88,41,49,49,71,72,12,98,47,47,37,28,64,3,13,8,68,69,48,81,89,55,30,33,74,93,42,10,71,11,95,94,100,10,61,21,80,36,29,33,51,93,80,0,47,66,55,12,85,45,9,73,48,75,73,28,6,24,1,84,45,20,9,33,45,97,31,27,94,14,28,94,87,54,38,80,34,21,67,13,90,11,53,87,10,2,48,77,21,85,93,9,24,64,19,72,46,14,90,3,93,93,99,88,96,39,47,70,81,99,36
59,61,33,31,18,22,100,2,15,81,48,26,83,19,42,37,83,11,36,76,39,22,48,75,38,55,46,42,45,83,77,64,31,61,62,11,12,49,72,98,31,8,15,31,37,8,67,40,22,100,85,58,81,60,3,70,5,92,68,37,26,88,36,52,33,51,60,59,9,21,84,41,20,90,94,89,39,49,59,83,26,90,2,55,13,62,27,99,96,25,28,46,100,27,54,49,56,79,92,25,23,2,67,34,99,79,53,49,10,75,51,71,82,67,14,90,68,82,53,90,21,51,37,25,12,93,5,64,20,17,11,92,36,0,67,33,67,3,70,90,93,70,13,2,17,48,51,59,52,79,99,16,24,46,88,44,66,58,39,69,8,83,55,63,22,100,61,45,32,96,60,80,14,83,71,1,38,79,57,79,32,20,23,85,20,49,94,78,92,23,78,94,81,29,38,94,51,16,43,93
77,89,69,60,6,82,32,66,6,75,17,51,9,12,94,97,85,87,68,94,42,60,97,75,17,60,25,53,37,78,10,97,44,51,94,45,63,95,9,45,10,47,22,51,98,33,26,34,98,18,48,42,25,36,86,61,26,28,95,69,34,10,88,19,30,31,52,66,70,54,92,70,11,31,38,38,68,10,35,76,40,25,86,26,6,10,34,18,9,23,26,80,11,50,4,22,39,89,54,90,99,36,3,63,17,95,39,62,79,38,61,38,30,18,90,85,85,81,89,65,16,13,44,20,35,61,18,56,51,6,71,86,72,71,0,59,68,53,3,100,53,46,22,11,89,24,9,49,36,62,60,47,72,47,59,66,78,76,33,31,60,66,11,42,96,33,48,23,55,89,76,69,95,46,43,20,98,70,59,100,10,81,46,6,57,66,8,60,84,84,7,85,48,54,1,70,12,45,90,18
29,58,49,8,86,29,43,95,90,30,80,29,22,92,17,73,59,11,31,57,94,37,50,2,70,2,74,56,25,43,72,36,72,94,81,88,85,42,43,39,40,4,64,36,51,38,45,41,25,16,82,97,36,74,1,61,67,56,92,47,72,59,95,5,76,28,8,42,56,25,17,55,63,8,42,88,83,94,71,55,36,29,2,26,21,88,30,40,83,75,58,69,84,8,52,37,43,98,11,25,2,4,2,19,34,34,74,77,68,53,45,35,67,94,57,92,12,44,6,78,20,24,22,99,58,57,3,73,37,84,50,43,17,1,20,0,53,76,88,9,15,39,95,95,16,15,78,88,93,27,39,43,99,58,75,71,70,16,5,18,46,77,50,50,7,73,97,36,74,21,5,1,7,61,64,98,99,29,50,4,1,22,21,50,18,71,56,71,25,100,96,29,8,90,38,76,75,18,94,16
70,67,62,92,52,91,82,32,48,34,91,27,98,67,94,97,4,54,60,74,7,95,93,83,13,46,54,70,23,61,44,86,16,64,52,14,36,56,96,13,90,77,90,44,23,90,54,18,56,85,28,22,53,44,72,82,35,24,40,49,13,87,7,76,75,87,97,68,30,89,5,75,75,74,89,27,7,71,31,19,12,54,29,31,97,76,58,80,75,42,2,59,9,78,27,15,22,37,68,60,78,100,12,58,22,100,94,32,77,24,49,13,16,5,49,70,24,20,58,64,77,51,17,94,23,29,70,75,19,40,88,85,20,53,29,78,0,92,28,37,19,72,62,12,11,66,30,11,24,56,91,30,7,30,10,83,25,78,58,59,84,46,15,94,75,78,40,65,38,34,67,50,23,3,19,28,13,22,20,60,14,86,30,75,72,54,85,49,7,79,15,60,50,89,71,71,4,45,51,59
47,20,30,20,47,47,12,54,61,76,94,54,98,56,68,32,72,90,23,48,89,17,47,34,70,42,60,82,31,78,41,89,15,7,39,85,96,57,17,39,56,8,28,3,32,92,43,50,12,70,40,73,17,85,46,82,7,5,71,48,5,8,45,100,100,70,71,26,61,70,91,22,63,76,62,49,56,95,54,54,1,21,7,44,38,62,76,68,66,13,36,65,15,37,61,97,22,4,52,38,57,99,93,85,94,62,86,71,49,6,34,74,18,82,74,81,62,23,91,78,18,24,13,62,89,93,28,32,71,42,32,63,21,50,62,69,38,0,57,82,6,80,29,36,71,54,39,27,65,33,10,27,30,29,33,11,81,58,53,63,91,6,59,93,44,75,2,4,9,51,80,82,4,92,77,14,65,89,70,50,35,91,82,11,70,56,16,51,12,57,43,42,44,13,90,41,33,29,72,95
100,10,50,43,25,97,41,58,15,6,53,49,21,53,92,86,55,92,48,38,76,16,33,1,89,40,60,28,83,40,91,96,54,67,86,55,58,20,18,72,87,80,78,36,20,6,81,97,57,55,42,17,59,9,23,28,79,15,5,56,78,15,14,60,70,34,2,39,52,36,22,98,16,52,83,52,86,9,29,82,92,29,3,53,9,8,71,37,100,18,50,3,75,48,89,49,99,11,76,74,81,18,5,96,24,63,96,57,9,44,33,49,36,72,78,15,47,42,98,78,18,65,26,21,76,47,23,64,73,8,59,90,70,70,90,87,64,71,0,24,2,58,8,26,87,91,89,97,26,24,9,19,9,87,97,4,81,7,78,87,79,21,97,19,46,90,52,95,12,58,73,60,28,72,52,44,78,9,60,61,15,36,48,87,54,35,75,42,35,39,97,58,29,31,93,81,84,96,46,7
68,66,8,75,26,38,51,40,40,37,72,88,45,30,93,45,88,88,10,4,46,21,22,97,83,63,88,20,54,45,73,49,98,16,49,49,87,44,79,59,1,27,12,100,18,4,55,86,79,31,79,54,56,99,97,87,46,96,21,76,77,76,10,37,99,2,3,5,12,48,3,81,66,62,90,84,85,89,93,89,54,93,18,21,25,23,38,29,61,62,59,84,55,39,11,92,17,54,48,90,17,37,33,98,93,41,20,37,69,80,57,3,70,6,44,90,46,72,79,75,48,19,63,92,7,93,64,53,27,68,16,89,59,44,3,47,57,91,11,0,45,18,92,2,75,23,54,3,88,13,63,76,19,97,79,100,60,75,79,69,26,39,92,34,52,16,11,67,78,27,9,10,70,4,93,28,2,48,27,63,90,31,71,30,53,65,38,76,83,30,35,40,34,40,13,27,39,62,29,64
43,32,82,89,29,68,50,24,28,44,33,33,9,63,54,56,52,43,23,95,26,30,75,2,72,61,83,12,63,74,81,12,96,53,13,48,45,65,47,25,35,42,65,36,86,46,7,96,86,47,49,57,80,25,74,74,12,84,58,35,18,59,54,42,46,98,46,4,93,74,40,5,48,10,38,3,64,17,3,94,32,40,78,9,71,18,44,96,40,41,42,61,59,88,8,88,3,54,85,76,38,83,7,37,84,18,29,11,28,75,76,98,80,74,41,6,6,70,48,30,94,47,75,12,74,36,58,60,58,81,99,8,59,95,91,18,7,90,50,31,0,30,49,87,70,45,82,71,50,75,28,18,14,39,46,97,76,2,38,53,84,15,23,68,58,66,47,73,39,95,34,28,46,7,10,14,87,99,38,9,6,49,12,50,25,12,35,98,82,10,59,55,44,71,21,77,31,86,66,66
47,66,98,48,29,4,78,48,45,81,21,94,24,47,59,26,48,85,16,50,43,1,60,37,77,43,69,30,91,77,70,47,29,99,58,75,43,48,50,75,2,30,5,10,11,42,11,26,24,29,41,75,99,29,15,83,74,73,60,19,73,44,65,74,16,2,75,94,9,30,50,94,26,63,20,100,3,22,9,5,36,85,38,74,79,71,42,82,91,10,75,58,32,81,8,53,91,100,30,98,100,90,74,33,90,61,52,91,98,30,20,53,45,79,43,26,83,57,27,60,29,11,51,36,46,78,20,45,32,34,52,57,12,26,44,80,47,53,96,57,65,0,97,78,81,18,9,21,67,49,27,23,60,80,34,8,35,87,11,75,90,34,90,25,78,38,43,9,53,85,31,89,11,42,43,53,78,88,36,68,47,54,93,87,36,76,49,8,89,81,5,71,9,2,49,50,2,44,86,56
35,13,31,29,66,93,85,17,29,63,19,99,21,73,7,39,19,55,9,40,98,93,19,10,92,11,16,71,46,80,65,8,55,47,48,63,97,96,69,90,22,95,13,88,12,10,30,8,13,31,29,81,34,81,89,15,6,97,69,24,23,89,2,68,67,96,48,30,55,1,81,7,14,75,15,98,1,13,7,55,82,29,83,66,91,85,65,71,8,46,87,5,82,22,8,12,70,6,95,64,51,14,6,48,34,84,84,65,45,83,75,86,64,63,23,42,30,62,92,98,24,92,78,70,92,52,8,55,40,86,76,52,31,87,59,32,69,76,18,16,91,23,0,44,89,15,98,37,67,2,36,77,72,22,10,66,11,84,21,68,2,53,60,76,32,50,61,21,81,12,81,1,14,26,80,16,54,68,91,29,27,80,5,99,44,36,94,32,27,44,29,22,78,22,42,74,73,97,47,95
74,20,29,5,80,49,75,95,18,76,30,18,92,8,47,96,97,56,82,15,7,64,64,100,25,48,28,62,70,98,94,65,66,29,15,19,86,40,53,25,21,48,52,55,90,3,50,34,33,19,50,1,40,15,19,23,53,64,73,58,81,26,49,58,52,33,89,15,24,94,27,38,95,30,73,93,46,2,22,89,49,46,16,38,67,80,79,2,44,3,54,49,71,57,29,22,98,56,13,34,33,30,25,50,33,2,6,27,42,25,37,44,68,27,17,77,29,21,8,71,9,13,17,74,7,99,86,42,58,61,91,54,26,62,78,47,51,48,39,45,27,92,57,0,92,13,25,83,44,40,72,6,42,77,67,93,64,11,36,19,89,2,37,36,57,16,54,75,75,96,62,81,7,42,27,18,17,34,32,16,33,83,97,6,40,14,46,18,71,10,52,85,43,22,50,33,42,82,83,26
100,38,46,62,64,26,40,72,73,64,8,36,22,46,87,11,65,71,37,6,44,37,14,14,86,4,96,23,13,81,67,87,32,28,42,50,22,66,88,99,51,3,53,24,6,75,62,16,29,88,93,80,59,36,86,52,37,60,9,10,99,84,41,88,77,67,98,72,28,4,11,1,66,42,64,38,66,47,63,35,87,74,48,90,59,87,26,55,69,62,83,49,77,67,87,5,94,100,30,53,42,87,83,26,69,77,11,12,36,67,43,23,27,35,90,77,35,49,48,99,50,27,63,23,52,48,94,70,93,1,100,77,90,62,71,38,65,86,67,48,79,47,10,55,0,86,25,47,88,48,50,36,56,96,70,48,64,23,89,25,70,47,85,11,27,60,94,100,59,83,69,19,83,63,59,53,71,12,37,66,14,2,52,69,29,39,99,82,21,47,93,47,22,69,88,76,14,7,5,89
21,21,40,4,33,17,9,60,1,38,60,53,52,27,32,1,98,43,75,15,20,13,44,9,85,30,34,37,21,83,41,34,33,65,84,82,32,67,68,18,85,24,88,15,21,61,21,3,24,83,57,45,67,23,96,45,7,40,83,18,83,4,43,91,37,33,6,12,49,74,69,65,23,98,54,14,87,39,75,78,41,99,23,96,79,64,54,77,79,24,48,39,97,93,69,33,43,99,52,24,48,98,90,83,32,58,42,76,91,54,12,30,76,9,97,44,40,3,78,60,29,37,29,92,29,64,32,60,93,62,12,58,37,30,96,5,91,54,40,6,98,63,5,44,27,0,90,5,79,47,49,11,45,34,36,74,40,85,98,40,57,78,51,91,67,46,98,53,25,64,22,46,86,88,49,8,5,75,2,64,61,24,31,11,9,32,14,94,26,85,38,99,15,60,48,83,31,35,57,14
73,46,34,32,90,77,81,5,78,57,1,50,69,19,36,29,55,82,12,27,71,44,1,15,17,50,11,48,53,26,94,69,10,62,26,79,88,73,78,43,30,89,16,18,26,12,96,80,22,54,50,2,72,21,63,35,82,42,67,67,67,60,94,42,2,82,45,29,19,95,3,25,86,87,81,75,35,72,95,95,43,55,75,88,47,25,78,43,35,63,24,83,62,86,91,55,72,99,19,35,91,94,22,45,68,13,96,12,37,90,59,60,1,72,17,13,80,65,96,3,98,24,38,56,22,39,79,74,49,49,86,10,84,99,70,20,6,91,2,7,4,10,6,49,72,1,0,79,77,15,84,49,73,25,4,6,23,37,29,16,66,33,10,58,71,66,96,5,31,92,46,8,6,33,18,21,20,17,39,99,97,22,95,88,87,32,78,94,12,69,35,78,78,80,29,86,57,16,81,34
80,54,7,5,82,56,86,40,70,9,69,79,81,37,4,58,55,26,74,80,99,99,26,40,22,91,22,2,38,17,84,90,36,70,6,17,87,15,61,10,79,84,63,6,80,71,90,77,79,65,87,20,92,82,40,1,36,7,40,5,72,9,83,81,40,19,74,19,72,86,14,11,98,63,43,55,100,11,92,20,44,74,92,36,23,27,29,95,43,15,67,83,74,93,78,74,55,35,81,16,34,56,15,34,84,95,69,34,74,81,24,12,75,54,27,88,33,96,84,8,58,63,24,72,28,33,20,23,63,74,97,82,35,49,58,9,87,13,33,47,85,84,11,84,68,2,94,0,57,18,82,99,49,32,38,80,79,76,75,4,28,43,56,4,12,57,96,97,56,59,93,37,86,89,14,43,25,21,89,4,15,49,67,51,97,97,63,6,7,28,55,66,90,29,11,76,11,30,73,94
16,73,21,50,28,61,31,18,23,66,58,2,92,79,21,19,77,69,21,35,91,67,15,30,52,13,4,45,43,85,34,62,3,86,77,73,42,32,89,30,79,98,78,29,68,40,48,31,40,19,57,75,81,44,33,9,43,67,39,9,31,98,85,89,42,86,18,31,89,61,53,16,53,51,94,55,35,80,56,74,57,80,16,1,33,36,38,58,76,79,59,66,74,96,77,90,89,21,43,89,60,45,45,14,86,22,75,50,53,76,85,32,18,28,26,66,98,38,83,95,6,45,90,35,92,87,93,43,34,48,56,40,39,59,87,25,31,51,26,33,41,3,38,48,31,98,40,54,0,2,31,74,19,90,75,63,35,96,93,64,11,57,89,31,88,49,6,80,52,92,58,12,64,26,30,31,42,95,37,9,26,36,72,86,58,14,18,96,68,28,32,51,9,46,12,89,36,58,5,92
33,66,85,40,45,55,43,85,66,74,75,92,25,88,34,69,91,69,80,49,53,64,99,81,95,25,71,56,41,47,91,3,34,63,76,48,6,95,72,86,22,31,92,34,29,77,5,53,15,39,42,34,14,90,66,88,38,47,56,4,4,62,20,31,20,27,62,40,85,32,22,30,33,86,90,32,74,92,60,82,72,71,11,77,88,22,55,14,68,6,11,5,77,84,39,74,3,90,48,11,68,81,65,70,21,6,91,43,70,92,20,91,42,28,12,60,49,26,79,58,22,79,100,57,21,50,79,11,50,36,29,32,32,17,21,58,94,80,90,69,14,95,70,89,80,77,55,60,94,0,4,39,6,83,96,59,64,38,31,1,7,69,55,56,44,61,60,81,1,75,34,14,70,98,73,20,87,78,100,16,63,15,80,45,14,69,76,76,72,64,45,68,65,97,83,79,30,64,86,28
2,55,84,42,4,39,7,26,23,93,79,27,66,69,13,59,32,54,23,45,25,65,58,89,78,3,9,70,60,84,32,76,66,12,23,79,82,66,29,42,69,28,40,75,68,88,90,25,86,100,7,15,10,96,99,19,24,56,2,85,99,64,7,92,26,18,70,64,63,19,1,88,86,27,20,27,71,79,94,56,78,23,64,34,35,66,2,30,22,45,87,65,38,40,54,92,14,90,39,96,55,75,42,99,38,33,51,7,35,6,51,31,89,86,38,25,13,93,50,87,18,10,30,53,95,61,27,43,40,67,85,35,96,10,34,41,24,80,78,23,46,70,48,10,68,55,84,87,57,52,0,44,23,52,11,10,64,53,77,86,86,14,43,4,1,7,18,26,38,53,66,21,95,17,76,49,79,52,65,49,22,44,54,27,38,51,99,28,58,70,82,33,89,27,88,21,35,3,99,100
1,14,23,30,65,98,60,65,37,25,25,68,44,27,100,15,76,8,100,17,90,36,46,26,69,77,83,36,36,63,34,9,73,31,66,42,51,35,61,69,40,1,14,67,53,3,99,57,55,62,98,98,5,73,39,9,95,35,94,37,29,36,79,92,93,86,87,22,96,97,69,93,43,89,54,96,96,32,39,2,57,87,60,43,63,92,79,18,36,1,33,28,69,44,35,95,94,61,61,37,44,63,57,63,82,79,34,38,72,70,83,92,95,33,51,22,1,77,97,52,9,100,43,52,6,89,21,17,57,5,64,40,78,53,75,24,87,83,92,52,82,75,18,84,3,65,23,64,79,63,5,0,11,15,91,19,33,48,53,19,50,21,49,43,36,79,76,81,62,63,10,69,74,51,77,16,7,99,56,19,99,45,85,53,55,85,18,89,97,44,27,49,93,85,38,53,7,8,49,41
92,45,53,75,100,20,34,17,22,13,79,84,19,28,93,91,46,58,88,76,18,70,28,6,16,5,47,52,6,87,72,43,17,8,97,38,50,96,61,81,96,97,5,72,87,80,56,100,98,56,24,87,74,63,40,78,62,61,13,31,9,67,91,41,97,16,50,65,65,4,81,18,22,38,66,83,51,44,51,49,37,81,33,14,31,27,90,6,81,83,100,66,52,77,32,47,91,58,93,97,62,4,23,60,9,20,66,99,72,87,55,26,90,56,18,33,3,60,83,83,57,9,85,98,69,4,95,60,43,15,86,60,84,4,83,23,99,91,23,67,37,4,80,12,69,39,62,13,67,23,87,43,0,93,15,5,27,85,35,68,49,51,24,34,44,98,4,33,89,58,18,10,29,98,49,70,33,54,91,81,70,10,43,42,96,39,99,78,28,86,12,23,59,46,45,100,38,88,40,24
92,2,94,61,94,19,52,33,54,20,66,3,57,91,100,33,85,75,9,44,92,7,89,46,36,71,2,41,67,35,21,91,83,43,99,72,41,34,19,25,60,45,67,94,93,1,84,84,76,6,96,79,69,50,67,69,69,33,90,24,7,1,11,48,85,46,26,57,1,29,41,89,6,43,70,100,78,34,57,89,1,38,53,8,53,64,11,35,84,67,55,39,73,34,74,1,93,96,6,46,9,17,6,62,30,50,93,18,4,17,39,75,74,93,17,61,60,87,39,77,37,65,38,48,22,1,26,68,26,1,45,96,6,56,2,72,89,78,44,98,9,12,77,9,93,77,12,48,21,87,99,98,91,0,69,36,48,25,22,77,85,27,93,83,91,55,30,94,100,54,93,18,72,94,17,22,2,15,28,97,46,97,34,19,19,84,35,72,69,26,49,16,76,26,76,53,11,82,24,36
24,72,76,81,39,44,51,57,80,80,58,69,63,87,88,65,24,55,46,69,29,7,51,100,31,42,51,78,92,21,15,96,68,62,71,56,82,98,9,73,59,32,11,84,50,18,26,81,61,85,82,48,52,80,76,77,37,88,66,5,55,95,62,58,10,88,73,5,55,36,1,33,84,1,16,73,22,39,25,98,1,27,20,65,17,19,16,35,92,25,14,80,78,77,75,10,70,93,67,91,45,32,60,23,82,68,54,47,78,49,46,70,1,92,99,34,73,45,23,42,21,91,63,5,60,32,68,19,11,23,29,41,91,16,38,31,37,76,8,67,31,11,2,52,6,7,89,37,90,92,63,23,26,58,0,64,98,44,78,93,80,40,79,58,11,2,64,64,23,26,18,37,3,7,10,56,98,61,2,9,50,13,96,27,67,69,88,78,6,26,80,22,17,46,39,31,13,79,100,67
75,78,82,87,73,95,56,80,48,4,79,95,57,78,94,52,79,18,94,66,29,50,51,95,43,57,91,51,7,87,97,96,22,43,89,27,49,81,99,26,5,34,23,39,50,79,45,90,62,60,35,69,19,60,62,79,90,75,26,41,19,39,4,56,73,7,63,76,80,76,64,19,46,67,31,57,6,33,60,34,2,67,21,63,55,84,48,86,13,96,32,79,72,81,44,56,55,86,9,1,21,94,23,28,83,23,81,65,94,6,12,50,22,88,36,69,33,39,49,74,78,10,25,33,33,80,79,81,80,47,79,85,81,39,28,27,82,80,61,82,52,35,58,34,56,73,72,24,15,77,88,90,75,83,71,0,33,14,82,9,1,33,50,82,100,60,45,85,54,3,50,26,48,51,78,85,79,74,37,12,68,78,71,59,97,94,73,13,84,41,22,43,3,79,76,41,47,89,58,79
47,4,100,58,94,16,34,97,67,34,32,93,4,11,39,52,51,9,24,94,52,4,98,42,70,77,34,96,87,17,39,44,40,87,84,63,66,55,77,91,40,91,22,37,7,73,26,79,78,79,58,36,65,26,92,40,19,34,9,21,53,67,24,79,53,38,27,92,55,43,84,93,44,84,43,12,49,51,1,86,11,57,38,26,62,63,30,18,95,29,27,76,14,86,3,99,92,80,95,82,21,1,7,50,48,69,15,74,56,72,62,21,93,63,77,3,18,26,3,82,74,70,22,91,15,82,76,44,60,23,83,19,68,95,39,15,44,100,16,8,71,64,35,58,3,57,87,9,25,55,42,36,53,5,67,77,0,77,81,80,87,8,31,62,92,57,10,18,20,6,93,50,81,69,50,31,12,23,81,26,93,27,62,31,66,32,9,8,29,66,17,29,57,97,86,31,11,90,89,30
36,5,53,54,18,38,57,31,44,66,49,21,54,53,69,38,66,98,67,79,58,50,52,67,22,77,70,89,3,60,63,3,5,38,9,16,26,92,57,52,20,11,4,80,87,59,64,15,11,23,50,95,87,77,86,60,40,18,15,76,90,52,63,26,41,17,62,72,63,58,91,53,56,52,23,97,21,9,41,66,53,62,71,80,80,69,30,69,42,83,14,89,98,57,7,10,10,9,36,22,33,14,11,49,13,49,2,87,98,12,60,14,44,25,56,73,42,25,94,65,6,56,42,84,45,93,10,64,69,78,74,72,32,11,61,39,47,2,42,52,42,87,48,64,79,61,1,54,68,69,17,98,96,78,50,9,89,0,54,5,33,37,36,65,60,28,70,14,42,67,24,98,28,5,47,86,87,87,44,49,25,78,80,22,53,9,85,48,24,78,74,79,69,33,17,52,63,24,29,55
18,91,13,45,6,35,56,65,27,93,45,64,10,61,79,16,34,31,92,25,6,70,82,98,85,32,38,74,3,99,67,64,90,86,66,29,91,30,2,64,50,69,79,31,93,94,69,87,74,84,5,35,46,97,51,37,19,2,11,95,32,21,29,42,89,70,29,8,31,86,63,67,35,60,100,76,85,52,18,62,22,76,58,18,22,15,59,95,57,73,88,51,10,28,48,75,41,9,28,10,7,87,12,79,40,20,46,44,4,24,59,66,10,18,93,37,27,41,76,59,80,22,45,11,62,93,72,10,3,26,92,2,97,90,33,13,55,87,7,23,55,58,80,64,27,22,17,33,15,93,56,2,55,4,47,76,33,32,0,17,29,74,64,55,81,84,75,20,38,85,29,56,38,95,24,17,44,13,51,36,91,3,2,61,77,15,1,67,93,86,20,55,50,12,44,96,97,80,98,37
60,8,30,1,24,25,43,4,12,96,57,90,34,25,54,90,9,8,78,85,84,33,43,40,6,62,46,16,31,21,100,28,44,19,6,24,3,36,39,76,32,44,86,84,95,11,31,5,36,92,8,64,57,30,74,10,54,15,28,48,88,89,58,56,54,92,11,26,93,46,37,6,25,66,61,77,83,29,51,96,23,87,80,19,25,14,23,16,68,64,35,38,63,13,44,14,49,86,28,91,87,29,37,47,96,10,88,12,95,56,2,91,78,18,19,67,96,86,22,54,94,14,46,97,29,99,44,27,81,65,92,28,26,91,81,4,20,63,68,53,71,100,38,20,31,28,16,55,81,47,19,72,45,54,67,24,18,14,99,0,38,23,64,72,15,78,25,17,46,44,53,21,39,58,89,94,64,85,28,79,50,86,25,55,36,21,67,99,33,81,20,10,98,85,50,29,18,35,63,75
63,58,43,30,50,63,31,23,61,47,41,5,73,99,68,26,77,9,3,6,58,50,48,97,94,64,15,13,69,42,78,30,67,21,80,16,58,57,97,88,50,29,63,18,82,63,97,99,52,18,64,42,97,59,18,50,51,56,12,55,14,15,34,87,74,100,3,10,57,2,81,79,9,78,59,8,73,46,3,54,77,36,11,19,11,83,12,85,21,13,82,73,17,62,16,98,67,2,2,60,90,82,47,60,28,90,37,2,58,36,24,14,59,50,37,95,41,86,53,100,5,59,7,20,38,74,22,79,51,52,93,97,45,45,20,12,11,3,31,77,99,13,60,23,24,87,38,94,70,88,25,47,87,48,45,66,26,62,38,100,0,2,31,7,34,30,47,29,37,39,31,97,53,27,57,60,25,53,64,35,74,67,80,29,9,45,24,41,9,54,8,74,38,98,33,6,73,59,56,75
93,31,88,4,10,65,41,90,74,16,90,41,83,61,92,62,97,9,72,84,65,8,19,15,25,83,51,88,79,79,13,40,96,14,4,5,93,92,100,4,88,54,57,57,40,76,25,31,25,30,4,46,30,76,56,67,82,2,61,86,9,18,92,27,77,43,20,93,8,66,38,60,91,53,30,55,39,3,99,39,63,96,31,25,86,81,17,33,70,92,43,1,3,86,78,98,64,53,60,17,70,96,49,21,64,62,52,80,50,62,55,1,76,27,9,94,85,57,45,92,27,77,43,99,76,12,100,58,50,12,99,69,55,98,63,68,1,58,1,92,77,78,29,66,64,49,97,55,60,71,76,72,22,66,28,24,15,72,82,89,6,0,20,2,34,1,49,75,27,50,1,11,88,43,68,83,56,85,57,41,72,21,62,18,85,11,18,96,14,44,86,1,8,30,41,83,91,79,8,24
68,13,21,99,83,95,86,9,8,25,77,94,47,65,77,39,47,41,93,82,46,90,63,52,45,43,89,30,89,46,66,55,54,43,94,7,70,52,58,25,78,82,11,72,41,8,38,92,79,10,12,23,79,97,79,61,38,50,61,91,64,54,4,74,35,80,63,46,43,17,35,36,29,97,25,20,77,49,97,66,41,31,56,2,91,37,15,52,74,4,67,28,79,39,84,100,10,26,23,88,67,5,81,60,81,29,79,89,36,57,22,15,98,69,99,3,98,48,57,55,73,48,65,36,29,63,87,47,76,77,70,74,20,3,43,85,42,18,24,77,36,46,99,84,83,68,23,28,16,93,9,7,68,50,45,35,97,84,11,19,52,78,0,36,45,42,57,71,82,27,85,51,30,67,84,39,15,6,75,27,9,42,25,75,68,17,96,84,55,99,19,100,87,85,88,37,5,25,87,46
87,47,62,3,11,2,6,51,46,96,80,11,98,41,25,56,5,79,12,41,6,33,92,85,6,100,67,44,44,70,77,57,75,74,65,85,97,14,95,52,9,17,66,58,56,24,7,45,8,3,51,95,74,85,25,8,66,12,28,64,33,24,1,4,84,60,19,48,22,82,20,1,21,25,95,86,12,45,94,89,93,89,56,68,61,65,32,38,35,11,70,16,74,76,61,17,43,66,95,56,14,45,76,51,53,73,73,33,29,42,33,36,78,85,62,5,44,10,69,58,80,17,59,4,83,83,53,76,64,33,17,88,85,74,89,87,43,38,23,40,41,86,13,7,42,64,18,82,86,98,59,18,10,24,78,69,45,42,89,73,9,29,43,0,97,57,45,91,84,89,98,10,16,66,63,79,2,73,27,22,99,18,82,38,81,1,93,85,96,3,59,24,2,19,2,1,25,68,77,30
60,37,23,42,23,52,93,39,42,51,81,84,4,4,75,91,81,63,62,46,90,27,85,24,66,6,90,44,22,79,45,3,78,84,21,55,74,31,46,82,86,30,100,66,21,55,54,20,79,41,87,55,25,92,92,49,90,74,19,28,43,29,60,71,42,76,81,17,51,28,18,51,82,95,66,68,5,86,17,69,1,85,34,76,91,37,27,86,52,40,90,14,49,98,69,19,57,96,26,17,95,35,92,48,10,96,45,72,81,14,38,26,5,48,89,63,81,82,88,99,16,82,82,21,16,67,1,30,9,15,10,98,81,6,27,39,50,22,19,91,34,59,25,37,49,71,75,19,55,17,1,19,44,7,86,80,35,56,44,5,89,99,87,27,0,14,30,25,35,36,100,95,44,34,5,81,93,28,98,28,25,40,25,87,35,40,7,5,9,9,84,22,72,21,72,51,10,98,58,63
53,99,95,25,50,84,75,74,30,63,71,6,22,37,76,94,76,40,100,39,2,52,3,84,8,99,46,56,14,39,97,59,29,8,70,45,48,56,20,5,49,74,63,99,40,83,25,93,63,7,44,15,9,87,79,60,95,83,76,2,80,37,84,7,90,24,6,31,67,38,35,64,62,46,47,97,78,83,10,29,71,22,50,64,1,96,36,2,44,47,39,20,84,64,65,79,4,16,68,20,24,81,17,53,70,87,34,26,78,44,5,6,74,28,69,73,98,1,57,70,59,24,40,70,59,8,75,5,55,8,47,65,4,91,7,66,22,91,72,3,45,87,56,33,62,82,70,14,41,96,49,8,32,10,31,74,85,55,5,74,45,14,96,46,72,0,39,99,11,34,78,56,78,25,57,1,82,4,39,24,80,85,10,81,14,80,94,50,95,39,81,20,54,95,69,91,81,70,5,90
97,77,34,54,80,3,59,85,48,64,77,51,62,10,72,85,15,22,53,45,60,20,20,1,48,15,24,82,54,24,50,94,35,27,35,36,60,67,41,58,82,69,55,39,96,78,49,98,16,56,13,97,14,75,66,78,34,71,49,79,13,42,99,57,7,12,22,18,70,41,79,52,2,64,68,8,50,3,60,95,81,36,50,94,3,54,35,89,24,88,27,1,70,68,15,10,12,72,26,55,13,19,48,97,81,29,15,92,97,67,82,64,53,42,4,17,16,68,29,30,72,67,15,13,14,74,29,48,52,90,72,89,20,58,89,13,1,50,77,15,65,89,94,60,38,30,24,82,41,48,69,4,73,94,83,47,32,48,64,17,76,54,13,60,90,3,0,86,76,6,40,91,67,96,69,41,46,74,15,100,92,92,55,92,73,36,71,49,75,2,49,47,65,51,16,49,66,7,46,89
14,34,77,94,76,74,22,82,56,11,54,67,13,18,73,94,84,33,94,73,100,98,28,15,42,82,81,44,10,9,94,65,31,99,70,84,56,69,97,54,72,9,70,41,77,3,87,46,31,60,64,33,29,98,9,72,85,27,57,28,94,46,8,5,44,58,49,12,88,55,2,36,5,21,48,15,59,52,57,57,42,71,43,62,42,56,8,26,51,50,3,55,7,19,41,90,36,25,11,75,27,40,99,41,4,74,81,67,63,17,97,49,36,91,16,5,69,96,30,22,98,9,7,2,55,62,87,42,22,61,63,29,15,5,4,1,32,54,16,93,97,20,36,88,93,91,64,53,76,32,60,47,6,40,100,11,29,67,97,41,26,100,78,99,80,61,41,0,87,94,33,69,21,82,58,35,70,71,47,9,100,9,51,4,18,32,82,62,48,9,34,82,91,30,73,84,78,63,79,30
54,79,98,65,3,51,73,58,63,49,36,75,47,36,9,81,14,94,35,66,9,41,77,68,98,70,20,66,96,22,61,32,52,44,89,37,1,26,33,53,23,40,42,70,27,41,61,20,64,65,49,77,20,65,52,65,8,11,70,40,86,65,59,38,22,88,7,52,65,11,29,30,3,83,26,37,66,94,30,95,45,51,36,80,15,98,20,89,80,15,40,78,49,38,81,41,25,5,49,66,36,95,53,45,73,38,89,98,89,32,28,73,54,22,83,43,15,31,57,87,90,16,57,47,40,83,42,51,72,99,8,90,34,39,29,80,3,66,84,86,37,58,91,19,73,85,33,81,57,17,24,3,40,21,59,11,88,45,50,31,7,60,54,57,65,43,30,71,0,6,3,36,36,77,40,70,6,63,53,19,85,62,25,40,99,12,69,49,87,89,46,32,54,47,72,99,76,87,55,76
97,45,45,14,66,58,66,15,7,16,32,7,95,10,40,67,30,41,18,19,53,54,65,13,3,57,11,58,63,19,8,79,62,59,71,11,75,26,39,97,3,23,84,78,55,13,68,81,13,11,35,75,86,24,25,49,49,97,14,3,66,62,35,59,75,81,25,15,74,65,13,21,23,32,56,15,29,65,58,44,70,1,30,60,63,19,82,32,69,58,94,8,13,14,75,14,85,7,12,26,22,14,74,59,43,83,94,43,6,2,36,34,30,78,24,51,30,5,28,50,36,65,93,88,49,61,60,66,68,75,79,96,42,96,90,50,25,32,5,5,48,85,18,21,63,23,52,1,4,12,15,27,65,85,31,90,84,11,91,34,64,94,7,20,32,87,78,3,27,0,98,12,52,95,87,99,75,37,61,52,12,21,47,77,4,81,7,17,66,57,74,60,32,37,96,75,46,89,76,99
52,70,77,10,66,26,50,6,9,98,56,64,3,61,82,79,35,17,57,14,2,22,52,34,25,8,56,17,28,27,95,77,39,8,34,31,42,13,4,33,78,36,91,25,95,26,57,5,11,86,57,86,47,52,48,93,21,100,54,73,88,75,25,53,73,2,65,12,99,57,20,12,16,80,42,90,83,2,93,68,33,8,32,47,67,97,67,9,5,88,57,71,61,79,36,78,81,78,89,91,53,15,93,45,53,16,14,46,44,29,10,15,60,42,74,24,47,32,37,79,50,52,95,77,34,16,29,43,97,5,88,16,70,80,46,5,17,95,59,59,69,13,34,61,50,87,66,83,56,25,87,74,92,49,52,96,57,24,21,70,30,2,64,70,41,3,83,3,88,49,0,67,88,7,77,81,69,98,4,68,74,17,74,33,36,45,63,22,91,69,76,46,88,9,28,69,100,97,63,9
1,29,39,27,22,59,92,42,6,94,90,68,7,20,2,30,68,60,30,7,9,45,94,37,77,10,97,8,15,25,58,87,50,97,25,95,58,67,59,56,90,39,4,23,79,47,59,14,95,31,18,51,39,15,77,12,55,45,95,92,14,22,10,38,72,94,15,33,56,38,80,17,50,3,98,61,84,11,23,52,40,88,44,69,3,20,76,27,27,13,39,18,28,23,42,72,42,41,6,61,16,91,95,31,59,69,12,99,64,75,1,95,83,19,48,69,43,89,7,57,17,99,83,22,99,51,80,64,96,46,80,14,85,22,1,70,10,71,27,17,75,77,45,35,61,39,77,42,17,32,100,24,26,74,12,43,97,76,10,79,34,5,11,78,37,49,11,89,66,35,82,0,88,64,36,32,83,95,15,71,28,38,38,11,60,37,68,40,71,73,33,23,95,35,17,62,63,34,62,4
3,98,52,70,63,74,28,70,89,94,79,36,92,50,46,60,94,6,26,63,34,86,1,74,95,68,23,12,57,35,21,57,40,91,84,13,100,94,35,10,60,66,45,33,85,26,78,96,6,87,98,57,68,67,32,56,10,58,54,77,35,25,46,15,10,20,30,45,80,13,17,31,6,56,26,92,61,41,19,12,96,83,54,38,29,73,34,9,19,33,19,64,11,33,74,5,98,13,47,59,59,61,32,100,42,25,12,42,39,38,21,2,42,35,6,30,28,81,11,85,30,70,59,61,22,3,10,72,62,2,28,17,57,28,52,7,24,26,41,82,28,41,61,47,97,89,3,35,65,18,66,13,90,19,13,72,52,1,38,87,62,18,6,13,72,51,5,76,27,73,25,18,0,45,43,24,54,72,13,66,67,35,42,83,95,95,97,34,56,9,55,100,32,95,90,18,10,15,22,8
42,35,95,54,82,26,37,64,26,2,29,25,97,37,72,65,5,26,42,58,95,25,4,22,74,24,20,1,49,51,28,5,21,46,99,89,35,83,77,67,29,89,29,14,37,54,29,93,85,90,6,52,62,44,17,35,8,83,96,4,69,12,9,59,17,54,19,65,56,27,8,55,43,100,54,11,30,40,60,80,34,62,9,80,11,86,73,32,83,92,3,71,63,40,85,88,65,84,28,73,72,72,79,29,49,98,57,100,4,30,2,10,13,54,38,8,94,20,22,36,47,84,79,97,99,41,65,9,18,31,45,30,24,15,46,34,11,34,44,74,62,62,91,84,67,23,29,67,56,43,7,15,13,21,99,45,45,57,1,6,59,26,99,25,93,17,84,81,74,71,42,98,42,0,98,66,54,94,73,7,75,87,88,28,32,89,73,18,43,98,1,76,87,40,87,38,18,33,63,88
2,88,39,23,26,46,46,46,5,23,46,52,61,42,60,10,28,10,29,43,5,35,18,11,45,97,63,46,79,38,63,62,91,24,52,70,26,12,41,47,11,83,59,78,38,65,44,91,39,10,47,81,65,51,86,70,40,55,58,31,14,13,13,64,96,82,89,3,65,50,100,97,2,45,90,8,7,57,81,3,13,91,54,40,47,89,13,34,50,9,16,9,23,82,1,57,18,11,10,38,41,45,37,50,90,67,74,2,90,72,16,93,52,2,65,32,1,48,53,82,26,15,76,44,8,89,18,11,79,89,59,99,89,25,62,58,86,33,32,3,96,96,66,85,48,55,57,54,24,44,78,51,75,93,42,2,80,81,79,59,16,77,83,75,33,36,88,23,27,76,83,72,95,69,0,31,47,18,44,21,74,29,20,18,6,91,6,11,96,30,73,66,45,77,57,55,8,42,25,1
22,44,76,43,80,27,63,78,100,69,36,46,31,14,57,68,7,36,59,37,84,77,86,56,48,83,84,83,62,99,79,35,45,3,55,21,25,65,88,63,17,91,80,24,4,88,60,97,13,87,77,32,68,53,62,66,28,51,31,53,85,3,72,53,32,79,81,89,88,58,21,52,36,13,41,39,59,78,51,82,83,5,57,48,16,62,96,51,16,8,6,70,80,29,26,95,20,16,63,39,30,63,38,68,65,40,94,53,41,27,90,50,58,97,58,62,92,28,34,13,74,2,26,12,28,47,59,67,21,59,92,72,57,17,50,65,96,46,64,59,42,97,54,56,18,100,49,4,95,35,92,73,24,56,13,64,64,31,33,2,69,51,69,62,62,14,31,100,65,7,75,25,62,85,92,0,32,46,65,84,75,5,7,42,32,94,31,56,1,22,73,55,49,80,94,32,40,26,46,29
60,10,46,73,65,27,20,56,3,30,76,81,46,72,11,65,15,17,49,86,30,11,27,23,23,48,49,4,7,84,48,13,29,79,22,89,64,74,42,57,37,85,70,57,97,58,81,47,28,90,54,32,75,27,73,9,98,93,71,72,45,79,75,22,55,45,78,86,80,21,36,9,46,34,69,5,4,37,55,89,41,50,72,18,36,66,39,27,39,25,89,29,17,3,21,80,2,58,66,87,1,50,13,32,90,7,64,61,38,95,50,81,45,35,94,37,52,32,9,37,80,78,38,12,86,63,42,87,83,31,37,41,57,31,64,41,39,72,7,78,2,66,2,16,92,40,15,62,73,88,26,93,45,20,4,42,46,58,24,31,15,10,28,50,16,59,17,4,26,89,9,84,53,54,11,96,0,39,57,81,31,94,98,22,71,90,38,45,59,94,12,21,13,11,44,52,12,37,88,92
83,37,36,9,8,59,22,58,96,44,51,30,97,76,91,17,59,92,18,18,62,91,88,77,36,57,38,98,64,14,36,4,34,35,34,66,60,85,78,83,18,42,44,62,90,75,20,93,76,37,23,69,83,92,63,37,21,28,39,48,64,39,4,8,37,94,21,8,15,84,77,24,39,35,5,53,30,30,32,33,56,27,26,87,78,72,11,42,62,72,29,93,74,2,55,12,27,77,92,2,71,45,88,61,85,82,74,90,23,42,11,61,54,59,35,33,43,86,17,89,67,75,6,58,30,81,63,45,100,21,20,3,3,21,22,98,61,7,61,94,75,62,32,31,98,39,7,33,83,69,27,100,68,85,43,48,35,76,14,48,59,65,98,89,19,11,15,18,51,33,71,14,31,8,79,49,41,0,87,74,50,51,63,85,3,14,99,34,43,44,47,44,97,76,46,75,52,71,62,30
15,46,97,70,20,50,15,54,52,68,5,40,36,56,23,17,80,71,39,74,46,29,1,22,22,99,21,12,35,72,63,89,34,36,34,84,78,3,61,10,54,100,90,73,33,78,97,23,84,21,36,98,69,31,31,46,18,26,17,74,1,98,60,3,62,10,43,44,19,22,80,47,90,76,99,26,82,57,2,97,2,46,67,92,83,65,82,94,95,89,59,52,9,60,91,86,78,53,89,94,98,5,69,45,76,9,46,75,28,72,36,38,36,25,92,20,12,26,4,50,61,57,9,29,21,98,16,51,78,40,27,58,7,87,82,17,97,7,26,10,4,93,57,28,62,47,19,30,14,89,80,58,99,97,85,36,2,76,31,93,75,5,39,97,100,29,87,76,60,30,80,45,25,29,77,79,22,85,0,49,92,25,97,62,56,95,5,87,45,91,38,60,55,18,32,57,20,23,11,91
71,56,79,51,82,91,68,10,63,62,51,46,28,66,50,40,28,45,11,59,96,92,17,57,20,62,55,7,8,14,55,32,91,26,64,6,4,79,65,81,73,37,51,30,15,27,96,83,95,95,90,50,2,73,85,93,93,84,85,25,100,49,49,59,95,69,2,62,40,98,4,13,2,65,34,39,83,89,100,98,8,92,32,52,85,62,34,46,46,32,99,21,62,2,59,53,63,78,68,40,51,15,84,61,60,92,64,64,25,32,57,54,3,94,85,11,7,75,48,10,47,73,50,25,31,33,6,52,26,1,35,66,1,60,3,14,73,91,21,22,81,4,15,23,70,27,97,34,99,7,70,32,5,88,91,100,61,43,83,25,11,63,96,91,37,69,15,94,79,44,53,28,28,98,95,96,20,51,3,0,88,46,86,76,24,53,35,4,100,9,97,45,24,66,100,65,43,57,72,52
13,79,10,71,40,89,85,61,10,30,62,45,10,41,78,45,13,69,36,92,61,32,63,94,9,31,43,23,20,50,91,89,97,54,91,43,53,95,73,58,9,40,77,6,5,17,79,26,99,83,94,75,41,66,56,58,91,18,90,32,98,88,30,37,24,59,93,90,67,22,99,33,68,85,86,27,25,20,29,74,31,22,54,18,57,50,53,40,56,13,33,46,52,82,20,38,85,67,95,45,75,88,21,46,97,3,14,4,98,59,70,87,98,84,78,59,88,62,43,71,24,27,90,39,65,25,60,12,52,69,1,54,16,78,76,80,64,57,6,67,44,95,58,86,59,86,85,91,93,16,89,55,17,72,30,98,60,17,13,86,74,26,80,71,76,95,6,11,72,89,38,33,40,82,58,88,58,85,2,58,0,26,62,92,35,96,85,79,36,5,43,47,87,35,69,79,62,19,92,59
50,50,5,98,33,29,93,26,85,39,78,48,31,94,1,39,82,57,81,15,85,24,2,35,40,52,31,86,64,73,29,55,11,84,60,47,17,12,20,7,5,96,17,76,28,88,12,93,88,64,17,48,12,17,32,30,22,4,83,91,87,68,2,52,75,96,15,96,52,76,6,47,66,50,12,5,57,40,90,39,42,45,62,43,90,1,10,67,31,29,79,21,80,38,95,79,65,78,21,5,72,4,62,35,94,99,49,42,80,43,64,46,82,73,49,50,71,35,89,74,56,4,4,42,26,89,7,68,77,3,84,42,28,62,12,1,40,18,51,96,18,21,2,90,29,26,50,33,24,25,20,29,16,33,67,47,69,76,90,6,36,36,75,57,51,10,85,62,5,60,95,43,90,61,1,43,7,90,75,21,87,0,46,50,98,78,3,100,18,28,40,99,60,25,34,27,57,48,50,55
96,97,28,33,52,23,22,59,45,78,60,61,50,54,97,56,80,69,15,15,5,47,84,10,83,13,70,47,41,70,26,64,94,93,52,63,73,90,5,64,5,73,83,27,79,46,100,62,29,8,37,67,10,28,45,94,97,34,86,14,99,74,13,70,42,44,100,65,77,16,65,81,27,6,36,38,35,22,31,7,77,21,61,27,19,18,73,55,55,7,9,18,6,17,90,91,89,44,26,47,3,83,98,33,74,79,79,58,19,28,74,2,30,59,25,49,46,50,74,81,41,87,83,52,46,37,70,52,85,65,41,49,42,48,49,66,91,18,48,50,56,33,87,41,1,25,9,18,35,92,31,66,54,55,37,51,18,49,64,28,11,73,46,30,17,31,29,87,4,13,100,66,18,87,8,42,79,72,64,90,42,79,0,70,44,32,9,69,10,91,26,91,37,26,6,12,93,17,26,26
36,55,3,72,74,39,47,28,91,39,46,83,52,17,18,49,35,83,50,19,19,89,28,28,72,96,31,84,70,60,12,73,61,75,15,65,20,45,35,52,24,45,67,32,47,34,91,94,3,69,79,80,75,41,56,16,72,34,44,52,25,66,38,31,57,20,97,12,97,34,62,72,98,61,61,62,44,21,80,71,10,62,33,76,82,49,94,62,86,47,28,9,70,98,63,93,99,57,33,49,100,47,18,44,83,94,37,22,11,32,58,39,33,33,61,76,17,99,99,14,62,56,88,29,85,56,28,100,92,87,55,64,14,71,25,31,12,75,58,48,66,83,97,62,41,55,71,4,94,24,44,30,94,97,53,6,33,38,68,43,72,63,96,68,77,57,29,6,55,100,57,30,61,22,70,10,68,50,86,2,13,38,14,0,71,87,29,30,98,93,20,5,47,31,72,39,26,86,56,2
53,88,77,75,88,14,9,7,83,25,21,70,67,90,23,65,54,32,78,22,45,48,78,12,2,25,71,41,95,2,84,36,10,33,10,82,1,29,24,41,100,43,36,90,75,79,35,53,17,41,46,47,95,95,96,69,82,32,98,87,12,78,44,50,54,1,49,1,27,6,5,68,72,35,87,25,50,92,1,92,78,10,45,51,100,81,26,63,32,21,77,26,93,52,71,9,23,45,94,49,58,36,53,64,18,55,38,9,90,34,27,2,76,48,66,53,56,79,64,97,55,38,96,99,39,31,48,1,38,24,90,18,40,49,80,15,73,53,79,73,44,42,50,16,57,7,58,88,93,64,13,3,77,27,20,42,32,92,74,84,6,3,87,16,74,33,15,99,4,6,93,84,90,5,26,41,88,25,23,37,89,2,11,4,0,22,60,60,72,25,85,75,80,87,89,58,71,59,83,35
67,20,35,66,7,13,13,25,67,2,49,25,68,73,57,69,13,66,6,31,100,56,5,37,75,87,4,16,21,51,77,89,44,68,26,19,35,53,32,18,67,11,58,6,22,57,34,60,5,72,74,21,21,34,9,1,5,82,90,18,14,51,20,13,100,39,94,86,73,16,71,4,81,13,88,62,99,1,48,25,3,20,70,75,55,64,8,39,66,42,13,38,37,14,41,77,33,73,78,48,4,95,98,44,67,76,12,67,7,78,17,54,54,50,28,5,18,1,81,99,81,97,51,67,73,25,6,8,87,54,31,77,41,20,26,53,89,5,98,34,76,12,34,93,64,34,5,9,92,55,66,64,89,96,41,6,2,8,88,27,25,11,7,71,5,99,37,16,61,52,28,30,10,6,98,7,32,97,44,4,43,10,58,25,42,0,82,13,67,76,75,29,48,57,88,40,63,55,3,12
3,73,88,60,25,57,22,40,3,86,20,94,60,96,93,21,3,39,78,79,49,31,79,65,44,11,7,81,59,1,12,52,18,81,57,32,88,25,48,14,49,36,76,51,68,53,32,74,57,20,63,11,93,97,70,34,98,13,73,63,12,1,41,50,95,99,27,9,45,78,58,86,8,89,23,3,45,66,41,55,87,70,1,63,6,90,52,52,1,20,84,47,87,75,25,66,8,94,41,77,75,63,36,73,73,36,86,44,83,80,93,75,53,30,11,28,27,86,93,24,52,2,51,79,70,24,19,23,50,70,46,63,27,34,44,93,24,3,5,96,46,32,6,78,37,57,71,30,86,23,84,11,34,81,33,45,73,3,7,92,56,96,47,72,60,13,97,68,49,7,40,69,65,5,24,31,67,92,94,47,27,79,15,88,96,20,0,29,83,18,41,16,54,28,95,93,41,46,57,82
60,22,23,51,25,58,8,50,25,64,37,42,20,4,53,38,66,77,71,41,68,76,19,85,21,6,15,5,4,15,35,85,48,50,34,36,18,85,74,80,18,45,16,1,40,71,89,21,36,22,87,18,59,17,37,46,12,42,88,87,30,23,50,71,17,83,13,88,48,33,62,68,3,36,89,92,99,72,52,15,38,58,9,40,49,48,12,57,23,59,89,38,2,91,74,28,33,45,90,58,95,51,69,36,91,95,68,83,47,7,88,88,88,95,73,82,15,95,96,83,2,34,34,14,48,60,66,24,82,56,68,52,9,95,5,38,59,19,17,17,15,65,52,45,74,30,62,76,47,98,14,79,9,43,60,83,53,48,95,9,6,75,17,89,28,6,18,26,82,47,37,80,81,78,14,61,99,17,67,28,77,88,65,9,77,29,56,0,3,90,16,68,10,31,9,14,80,1,76,22
62,49,50,80,43,6,80,4,82,93,56,55,67,85,31,10,28,64,55,48,22,92,44,53,83,14,63,38,94,98,58,17,95,67,83,41,58,77,15,97,68,34,84,32,13,40,56,6,65,59,7,6,10,14,44,48,78,44,81,5,40,50,11,4,76,26,58,12,77,92,35,23,32,49,2,91,73,76,17,59,81,42,53,67,73,91,12,19,94,30,11,53,98,49,63,91,71,62,45,23,84,16,80,27,58,86,19,89,15,90,65,36,50,81,31,2,26,53,13,67,72,30,70,80,61,20,79,65,83,81,52,32,79,84,84,46,87,56,52,22,51,91,64,81,89,39,84,48,8,74,45,97,64,90,85,12,55,86,91,14,81,14,36,11,37,92,21,99,14,78,53,14,23,51,90,85,56,63,75,91,14,60,49,21,12,94,64,14,0,54,99,41,84,43,49,3,74,13,27,12
38,89,75,74,96,3,25,75,9,59,11,59,85,23,71,89,55,34,12,100,10,57,25,92,9,15,79,86,68,63,51,57,5,89,17,23,30,30,21,60,14,57,17,36,70,32,91,42,45,58,60,49,63,79,38,33,10,88,36,34,86,66,33,32,61,39,66,68,55,62,83,72,71,40,5,39,35,58,35,63,65,68,58,19,48,88,71,6,69,42,56,10,57,49,52,52,19,92,38,23,92,1,52,72,34,56,27,56,52,10,77,11,59,94,91,80,47,52,87,29,18,95,89,89,15,79,78,42,30,63,51,14,27,10,82,46,81,63,10,16,92,13,53,26,8,44,21,84,97,58,27,95,85,86,63,28,48,36,30,37,20,87,16,72,96,81,36,22,29,55,61,31,74,41,54,33,77,39,24,82,65,98,15,2,13,12,92,74,57,0,62,47,54,6,74,54,16,5,72,35
33,42,88,91,39,20,55,99,24,42,27,68,12,50,14,1,78,37,74,90,69,56,30,36,93,19,71,83,39,35,39,76,51,41,74,47,86,28,64,97,44,19,80,17,5,61,66,98,64,60,75,30,35,59,39,6,54,15,4,19,89,85,49,54,93,62,99,11,24,48,3,19,20,99,18,72,10,19,80,75,48,23,77,30,95,38,95,87,67,33,50,25,84,22,72,66,14,70,39,63,25,69,9,31,27,64,75,49,46,36,8,87,22,92,72,71,93,25,51,87,7,5,97,16,56,68,86,70,7,93,7,13,26,96,51,62,44,62,80,100,24,37,37,64,40,94,92,100,82,34,33,42,79,75,66,59,32,83,10,2,94,61,65,42,100,44,73,69,14,40,6,74,80,53,5,37,100,31,98,19,90,63,62,9,72,19,23,20,19,13,0,56,97,41,71,15,54,7,64,100
8,33,61,78,87,74,61,33,33,100,27,64,22,12,46,87,83,65,8,29,100,12,15,32,71,11,52,52,8,17,42,18,83,65,88,16,35,15,95,63,10,5,84,74,4,90,24,100,92,93,32,11,64,57,17,11,13,26,51,86,88,20,77,26,56,52,21,73,55,97,32,37,15,47,46,100,97,75,95,88,47,99,58,29,29,2,15,81,68,39,43,57,46,70,94,2,88,9,56,78,74,86,31,21,53,66,99,40,68,44,10,40,98,84,67,57,92,83,17,40,18,2,80,14,29,34,77,85,41,4,99,19,87,82,28,4,43,33,92,21,50,49,95,86,43,15,20,23,4,42,2,44,44,60,51,22,88,99,80,80,34,12,48,37,68,37,16,11,25,77,59,51,60,92,56,9,21,72,43,24,83,24,92,3,5,84,100,12,19,1,36,0,53,13,24,57,66,71,66,82
26,5,32,88,22,1,84,77,26,2,25,23,15,15,61,86,62,9,71,4,90,14,91,91,95,40,75,62,59,51,30,71,55,92,88,53,76,77,37,52,15,2,42,47,97,10,71,81,81,100,91,79,38,2,3,93,91,59,10,99,1,52,81,75,35,71,62,61,71,86,40,4,53,57,47,48,57,17,97,42,74,65,89,53,9,14,80,72,40,66,26,38,22,89,67,52,83,45,29,42,82,99,10,73,85,77,30,99,24,13,7,56,29,90,4,20,90,16,33,12,17,62,29,77,19,98,37,42,90,26,7,98,75,60,80,33,90,57,18,91,51,27,51,93,72,12,81,100,58,73,50,16,35,18,95,19,37,5,13,48,68,33,67,84,96,83,92,83,33,32,20,43,36,71,12,63,84,73,37,21,3,19,100,68,68,61,90,98,94,64,14,92,0,49,65,87,95,92,30,72
33,7,40,97,34,27,47,93,1,40,77,44,29,76,8,61,24,95,91,100,45,4,8,88,4,21,46,81,99,13,10,67,4,59,14,34,77,95,14,23,88,100,7,50,10,32,11,40,18,71,6,40,8,18,58,51,8,96,91,84,37,17,52,90,58,83,39,78,7,25,73,38,66,16,84,58,8,45,5,17,88,18,13,41,54,1,71,51,28,22,9,90,10,24,23,14,68,54,87,85,31,37,54,74,26,71,22,74,12,14,84,42,39,57,1,2,62,27,71,29,50,50,35,47,33,64,36,88,83,22,51,37,79,2,14,20,53,89,15,64,53,54,30,91,11,51,48,93,17,55,46,1,35,80,1,94,11,80,21,69,57,77,42,87,33,76,47,59,62,24,92,37,36,42,74,37,64,34,37,66,14,22,52,84,84,11,41,54,90,86,35,34,17,0,33,21,11,34,39,57
32,4,43,94,32,28,88,8,35,17,46,55,85,94,62,41,96,25,47,8,91,4,72,46,69,24,3,62,46,92,52,8,36,95,78,43,87,14,67,31,85,73,43,8,64,65,44,82,89,83,88,50,83,75,47,74,58,78,44,90,98,70,77,71,27,27,19,62,87,39,53,42,44,9,96,16,3,61,82,10,69,50,75,32,91,86,26,56,82,68,96,37,91,94,78,57,38,75,42,64,76,49,63,9,80,72,94,42,45,51,52,11,3,91,99,58,34,89,8,36,80,44,51,50,17,15,60,68,83,16,34,99,92,78,57,55,44,15,14,50,64,21,58,69,16,23,52,60,18,3,15,29,30,40,24,52,49,55,40,29,27,36,92,2,75,52,46,14,13,92,12,14,25,22,17,81,57,95,83,6,41,9,81,48,42,19,52,97,54,30,71,53,99,25,0,12,3,91,7,91
8,85,50,31,55,94,34,3,3,12,76,25,87,10,89,78,76,43,26,62,47,14,86,77,17,1,58,70,64,39,34,44,83,71,72,27,46,85,44,43,54,69,43,79,84,37,67,59,24,69,59,41,12,88,76,76,4,33,12,86,41,27,17,65,25,28,83,35,59,55,80,87,81,55,92,66,40,9,32,73,65,16,10,6,4,27,94,29,7,76,12,1,66,73,95,35,8,64,56,13,84,45,8,96,94,66,77,10,75,75,88,56,44,92,92,70,40,79,34,4,2,88,96,97,6,27,91,4,42,96,35,54,70,3,72,75,22,40,99,98,60,70,37,81,1,72,83,95,35,38,38,61,23,26,87,95,2,19,12,51,7,88,52,34,23,28,25,47,26,93,11,73,50,62,42,14,97,20,65,29,41,10,30,18,11,73,41,17,12,91,30,96,34,30,90,0,84,32,68,26
5,42,22,86,92,98,8,85,60,81,59,33,96,7,47,1,79,24,83,92,22,60,86,62,20,34,39,26,56,15,25,71,9,52,23,8,80,92,75,96,100,60,88,71,58,74,44,40,90,17,34,94,9,46,26,71,17,41,87,13,38,96,9,100,29,29,15,64,27,25,60,100,10,51,25,96,30,50,60,42,57,71,9,22,93,71,55,77,85,53,52,94,61,54,59,98,43,37,32,94,100,3,59,26,67,53,10,95,27,79,71,32,41,74,27,9,75,26,68,93,56,77,58,91,42,45,53,81,32,54,32,7,62,12,17,31,11,50,38,79,83,79,96,93,67,97,32,73,24,45,26,93,22,70,91,27,18,12,90,22,2,99,45,1,61,38,52,79,46,86,43,11,78,19,39,23,36,89,100,56,31,28,58,57,82,28,88,22,29,69,63,11,10,85,17,27,0,100,22,36
32,7,76,15,59,69,28,21,98,24,23,27,10,83,46,85,47,84,48,47,31,69,57,58,9,46,42,39,71,90,40,46,62,67,36,81,85,7,87,12,68,70,34,75,89,22,15,13,49,55,29,89,71,82,68,64,53,77,64,51,45,40,16,38,61,99,36,6,57,97,89,97,79,51,2,96,82,4,54,96,48,61,71,5,98,67,10,17,64,97,63,90,96,40,97,84,97,70,59,64,61,57,90,6,50,5,68,1,47,92,2,96,24,34,52,27,38,98,16,96,3,8,60,47,79,10,41,22,22,25,26,31,48,23,52,38,10,87,11,86,2,38,60,91,28,92,81,59,39,17,27,58,87,38,96,60,16,94,66,20,82,79,12,63,54,9,15,45,75,37,13,64,6,15,34,78,75,60,31,12,86,71,94,31,50,39,39,17,71,49,36,91,36,9,99,9,54,0,86,92
80,33,86,90,75,65,78,70,40,73,81,53,87,95,33,81,54,7,80,79,54,51,67,37,42,50,61,98,90,3,8,7,60,74,30,59,96,10,8,85,27,91,88,94,67,60,30,96,58,90,78,81,74,68,91,11,6,13,70,43,94,87,97,17,63,56,81,82,22,12,77,22,95,62,28,13,13,46,4,93,100,39,39,19,25,89,26,60,3,55,5,16,50,74,36,21,62,97,36,8,12,83,71,25,85,94,10,42,77,50,74,79,37,70,18,21,94,77,100,75,59,15,63,80,58,92,32,71,65,71,4,8,56,66,1,19,1,42,40,24,68,89,44,39,42,98,2,32,8,14,86,41,86,78,71,23,59,74,84,58,24,39,98,42,65,91,43,86,33,59,35,28,44,21,22,6,13,17,97,20,37,27,30,67,38,34,69,18,95,55,64,11,3,26,86,32,84,47,0,74
62,61,12,30,7,80,84,78,94,18,95,97,60,57,74,55,100,61,8,6,34,20,36,19,30,88,67,27,33,15,18,68,78,2,8,85,50,94,26,44,9,46,87,81,80,98,35,93,41,82,66,81,81,60,59,21,36,10,61,15,38,87,52,21,97,99,62,52,1,25,31,42,18,77,53,30,13,89,84,67,92,71,64,35,98,78,88,72,78,35,98,21,94,91,99,85,60,33,12,37,62,98,29,5,76,3,76,94,5,76,72,81,82,48,47,82,62,34,86,9,72,15,92,78,53,8,58,40,53,32,16,27,27,13,76,39,34,62,11,59,47,30,83,34,82,26,24,1,25,75,89,99,71,15,77,59,27,21,82,2,77,96,5,65,67,47,29,99,43,39,71,59,56,31,7,35,8,48,82,44,92,85,2,75,98,85,48,74,35,95,88,7,70,62,65,77,73,100,70,0
